Name,Parth Pawar
Date of Birth,"10 Nov 2004"
Recorded Date,2023-04-13 19:21:28 +0530
Classification,Sinus Rhythm
Symptoms,
Software Version,1.90
Device,"Watch6,15"
Sample Rate,512 hertz


Lead,Lead I
Unit,µV

17.512
21.665
25.912
30.392
34.815
38.223
38.599
34.047
24.926
14.009
5.705
4.767
12.6
25.767
37.62
39.525
25.793
-2.292
-38.208
-71.492
-92.508
-98.402
-91.211
-76.301
-60.56
-47.006
-36.881
-31.71
-31.332
-36.393
-46.537
-58.229
-68.145
-73.585
-73.744
-71.139
-69.006
-69.689
-74.033
-80.94
-88.962
-97.637
-107.031
-117.602
-129.054
-139.497
-147.07
-150.207
-148.513
-143.636
-136.948
-128.893
-118.42
-101.778
-74.508
-32.71
26.938
106.184
205.855
325.978
462.977
607.331
741.992
843.998
891.374
871.225
785.639
650.548
488.43
319.17
153.4
-5.325
-154.414
-286.954
-390.08
-451.417
-466.584
-442.454
-395.131
-341.922
-294.222
-255.062
-221.286
-189.393
-158.595
-131
-109.965
-96.19
-88.156
-83.702
-80.952
-81.094
-86.122
-96.806
-112.358
-128.274
-139.731
-143.914
-140.089
-132.014
-124.524
-120.753
-122.498
-127.99
-134.049
-138.8
-140.927
-140.769
-139.564
-137.723
-135.557
-133.115
-130.214
-127.084
-123.942
-120.914
-118.204
-115.899
-113.986
-112.39
-110.896
-109.245
-107.303
-105.036
-102.456
-99.581
-96.413
-92.973
-89.291
-85.392
-81.311
-77.075
-72.655
-68.078
-63.197
-57.609
-51.394
-44.914
-38.774
-34.123
-30.893
-27.909
-24.016
-17.521
-8.25
2.194
12.595
21.657
29.005
35.969
43.481
51.735
60.785
69.699
77.421
84.441
91.438
99.216
109.186
121.029
133.337
145.171
155.054
162.613
169.177
175.511
182.395
190.361
198.575
206.49
213.916
220.497
226.451
231.961
236.922
241.348
245.196
248.389
250.943
252.87
254.149
254.771
254.738
254.041
252.674
250.641
247.939
244.565
240.531
235.848
230.531
224.612
218.119
211.078
203.53
195.528
187.114
178.336
169.233
159.812
150.091
140.107
129.862
119.311
108.492
97.491
86.35
75.237
64.118
52.57
40.747
29.14
18.494
10.486
5.436
1.963
-1.664
-8.648
-20.68
-36.497
-54.152
-69.862
-80.372
-84.872
-83.534
-78.542
-72.939
-69.744
-71.385
-78.327
-89.622
-101.995
-111.774
-116.993
-116.695
-112.699
-107.989
-104.242
-102.696
-102.98
-103.626
-103.99
-103.63
-102.501
-101.091
-99.529
-97.798
-95.959
-93.952
-91.781
-89.574
-87.385
-85.198
-83.058
-80.959
-78.771
-76.695
-74.955
-73.265
-71.64
-69.575
-66.107
-61.906
-57.812
-54.931
-55.373
-58.899
-63.606
-67.47
-67.531
-62.54
-54.403
-46.068
-40.524
-40.304
-44.828
-50.937
-56.304
-58.61
-57.12
-54.178
-51.228
-49.284
-49.252
-49.962
-50.589
-51.052
-51.004
-50.766
-50.799
-50.924
-50.779
-50.438
-50.103
-50.506
-53.221
-58.304
-64.449
-69.551
-70.099
-64.845
-55.223
-44.084
-36.12
-34.462
-39.89
-51.383
-65.918
-79.831
-89.302
-91.725
-86.099
-74.119
-60.352
-49.538
-45.654
-49.519
-58.651
-69.37
-78.07
-83.416
-85.491
-85.472
-84.751
-83.498
-82.448
-81.944
-81.984
-83.158
-84.978
-86.894
-88.76
-90.168
-91.232
-92.182
-92.955
-93.585
-94.115
-94.548
-94.927
-95.271
-95.525
-95.768
-96.262
-97.139
-98.207
-98.577
-97.038
-92.867
-86.245
-79.096
-73.947
-72.408
-74.965
-79.506
-82.828
-82.882
-78.465
-70.802
-62.528
-55.184
-49.919
-46.588
-43.927
-41.488
-39.019
-36.407
-34.118
-32.131
-29.921
-27.492
-24.85
-22.326
-21.345
-22.198
-23.629
-23.578
-18.676
-7.36
7.726
21.707
28.993
25.915
14.579
0.717
-10.346
-14.719
-13.023
-9.399
-6.759
-7.072
-10.415
-14.717
-18.944
-22.691
-25.77
-28.807
-32.106
-35.601
-39.29
-43.079
-46.889
-50.78
-54.877
-59.26
-63.911
-68.756
-73.683
-78.557
-83.415
-88.501
-93.963
-99.559
-104.272
-106.688
-105.741
-101.719
-97.208
-95.412
-98.734
-107.796
-119.608
-130.18
-136.671
-137.413
-134.043
-129.598
-126.138
-125.249
-126.676
-128.722
-129.849
-129.089
-126.705
-124.548
-125.565
-131.878
-143.374
-157.614
-169.764
-175.001
-171.128
-157.86
-136.773
-109.843
-76.524
-34.405
20.914
95.748
195.413
321.916
470.712
627.374
768.708
868.239
904
866.811
763.53
612.401
435.564
251.656
72.119
-95.355
-242.211
-358.343
-434.033
-464.942
-456.726
-422.386
-376.441
-330.28
-288.315
-249.642
-212.892
-177.857
-145.853
-119.059
-97.887
-81.12
-67.911
-57.901
-52.001
-51.897
-57.562
-67.228
-77.811
-85.778
-89.411
-89.298
-87.464
-86.068
-86.17
-87.144
-87.583
-86.932
-84.949
-81.641
-77.253
-70.808
-62.005
-52.436
-43.897
-38.913
-39.032
-42.436
-46.464
-48.44
-46.139
-40.487
-33.696
-27.404
-23.15
-20.66
-18.544
-16.158
-13.021
-9.183
-5.243
-1.373
2.454
6.246
10.122
14.135
18.248
22.467
26.812
31.279
35.871
40.607
45.51
50.607
55.927
61.486
67.291
73.35
79.67
86.252
93.091
100.181
107.511
115.075
122.867
130.875
139.085
147.479
156.037
164.733
173.542
182.431
191.368
200.316
209.239
218.099
226.858
235.475
243.909
252.12
260.065
267.704
274.995
281.898
288.371
294.377
299.879
304.842
309.233
313.02
316.176
318.677
320.499
321.625
322.039
321.73
320.69
318.914
316.403
313.159
309.191
304.509
299.127
293.065
286.345
278.993
271.038
262.511
253.449
243.888
233.868
223.43
212.619
201.478
190.054
178.394
166.547
154.559
142.479
130.354
118.232
106.159
94.18
82.337
70.671
59.221
48.024
37.116
26.53
16.294
6.437
-3.012
-12.03
-20.595
-28.689
-36.305
-43.438
-50.079
-56.234
-61.917
-67.137
-71.907
-76.238
-80.122
-83.553
-86.546
-89.084
-91.108
-92.63
-93.704
-94.334
-94.622
-94.519
-93.67
-92.178
-90.456
-89.09
-89.419
-91.787
-95.133
-98.074
-98.096
-93.815
-86.364
-77.623
-70.71
-67.963
-69.062
-72.575
-76.049
-77.414
-76.394
-73.651
-70.438
-67.774
-65.906
-64.676
-63.726
-62.858
-62.086
-61.45
-60.997
-60.714
-60.535
-60.444
-60.448
-60.547
-60.754
-61.073
-61.492
-62.014
-62.657
-63.398
-64.166
-64.941
-65.742
-66.558
-67.442
-68.276
-68.687
-68.754
-68.833
-69.485
-71.765
-75.617
-79.97
-83.73
-85.308
-84.554
-82.93
-81.542
-81.647
-83.364
-85.232
-86.635
-87.469
-88.13
-90.112
-93.602
-97.495
-100.743
-101.768
-100.379
-98.065
-95.953
-95.209
-96.092
-97.527
-98.831
-99.557
-99.536
-99.187
-98.711
-98.093
-97.349
-96.411
-95.258
-93.948
-92.502
-90.913
-89.185
-87.325
-85.334
-83.215
-80.97
-78.598
-76.103
-73.503
-70.808
-68.034
-65.195
-62.311
-59.402
-56.489
-53.593
-50.735
-47.939
-45.226
-42.618
-40.131
-37.785
-35.596
-33.586
-31.774
-30.179
-28.816
-27.699
-26.839
-26.246
-25.932
-25.897
-26.134
-26.64
-27.41
-28.449
-29.771
-31.379
-33.272
-35.446
-37.893
-40.6
-43.556
-46.733
-50.088
-53.583
-57.179
-60.845
-64.566
-68.307
-72.032
-75.695
-79.217
-82.548
-85.678
-88.6
-91.35
-93.995
-96.58
-99.195
-101.999
-105.073
-108.441
-112.06
-115.729
-119.245
-122.476
-125.256
-127.428
-128.906
-129.642
-129.736
-129.46
-129.039
-128.644
-128.392
-128.512
-129.489
-131.723
-135.427
-140.119
-144.451
-147.276
-147.999
-147.161
-146.469
-147.555
-151.157
-156.389
-161.333
-163.043
-157.907
-142.869
-114.621
-70.968
-11.597
63.509
153.929
259.57
380.092
511.358
642.979
758.019
836.296
861.188
825.769
734.814
601.795
442.778
271.486
98.29
-67.339
-213.846
-328.155
-399.645
-424.851
-410.25
-369.658
-317.854
-265.697
-217.66
-173.247
-132.03
-95.537
-66.607
-48.294
-40.169
-38.246
-37.878
-35.338
-30.454
-26.221
-26.191
-32.269
-42.684
-53.39
-59.824
-59.165
-52.697
-43.992
-37.05
-35.034
-38.223
-44.347
-50.384
-53.27
-50.616
-42.463
-30.82
-18.499
-9.169
-4.908
-5.225
-8.47
-11.835
-13.095
-11.839
-8.528
-4.307
-0.155
3.725
7.486
11.44
15.722
20.236
24.841
29.424
33.985
38.583
43.259
48.053
53.001
58.125
63.445
68.964
74.672
80.566
86.655
92.952
99.472
106.227
113.223
120.464
127.953
135.689
143.666
151.869
160.284
168.895
177.687
186.646
195.752
204.985
214.318
223.726
233.178
242.642
252.082
261.461
270.739
279.877
288.836
297.574
306.052
314.227
322.059
329.508
336.534
343.098
349.163
354.692
359.652
364.009
367.736
370.805
373.192
374.875
375.838
376.065
375.547
374.275
372.248
369.464
365.928
361.648
356.636
350.906
344.478
337.374
329.62
321.246
312.283
302.768
292.738
282.232
271.294
259.968
248.298
236.332
224.117
211.702
199.134
186.464
173.739
161.008
148.317
135.713
123.241
110.942
98.859
87.03
75.492
64.279
53.422
42.951
32.892
23.268
14.099
5.403
-2.806
-10.516
-17.72
-24.412
-30.59
-36.254
-41.406
-46.053
-50.203
-53.866
-57.054
-59.784
-62.07
-63.932
-65.388
-66.46
-67.171
-67.542
-67.599
-67.364
-66.864
-66.122
-65.163
-64.013
-62.695
-61.233
-59.65
-57.969
-56.211
-54.397
-52.546
-50.677
-48.807
-46.953
-45.129
-43.348
-41.623
-39.966
-38.384
-36.887
-35.482
-34.174
-32.969
-31.87
-30.879
-29.998
-29.228
-28.569
-28.019
-27.578
-27.242
-27.008
-26.874
-26.836
-26.889
-27.029
-27.252
-27.554
-27.929
-28.374
-28.885
-29.457
-30.085
-30.767
-31.499
-32.278
-33.099
-33.962
-34.864
-35.802
-36.775
-37.782
-38.822
-39.892
-40.993
-42.123
-43.281
-44.467
-45.679
-46.915
-48.176
-49.459
-50.764
-52.09
-53.434
-54.795
-56.17
-57.557
-58.954
-60.356
-61.759
-63.159
-64.55
-65.929
-67.29
-68.627
-69.934
-71.206
-72.435
-73.614
-74.737
-75.796
-76.782
-77.689
-78.508
-79.232
-79.857
-80.375
-80.78
-81.067
-81.232
-81.27
-81.178
-80.954
-80.596
-80.103
-79.476
-78.716
-77.83
-76.822
-75.7
-74.473
-73.151
-71.747
-70.278
-68.759
-67.208
-65.645
-64.088
-62.554
-61.061
-59.626
-58.265
-56.998
-55.839
-54.804
-53.905
-53.157
-52.576
-52.175
-51.964
-51.935
-52.072
-52.369
-52.825
-53.454
-54.285
-55.323
-56.553
-57.987
-59.65
-61.544
-63.666
-65.946
-68.241
-70.487
-72.69
-74.839
-76.959
-79.104
-81.271
-83.553
-86.219
-89.196
-92.335
-95.808
-99.459
-103.603
-108.746
-114.073
-118.893
-122.36
-123.427
-122.88
-121.623
-120.288
-119.696
-119.547
-119.608
-120.024
-120.754
-122.038
-123.922
-126.19
-128.75
-131.362
-133.663
-135.633
-137.55
-139.761
-142.761
-146.345
-149.177
-150.364
-149.707
-147.885
-147.295
-149.473
-153.979
-159.37
-162.066
-158.012
-144.566
-119.156
-80.311
-27.767
39.433
122.275
221.684
337.868
467.263
600.028
719.937
807.276
844.068
821.203
741.461
616.559
462.972
295.386
123.827
-42.968
-195.614
-322.69
-412.566
-459.372
-465.564
-441.291
-400.256
-353.811
-308.703
-267.043
-229.014
-195.572
-167.73
-146.47
-131.678
-121.395
-114.241
-109.666
-107.859
-110.372
-117.894
-129.68
-143.968
-157.032
-165.295
-166.963
-161.798
-152.541
-142.999
-135.488
-131.641
-131.056
-131.561
-131.729
-130.06
-125.235
-118.221
-111.042
-105.382
-103.534
-105.67
-108.951
-111.449
-111.034
-106.547
-100.142
-93.238
-86.772
-81.785
-77.314
-72.648
-67.771
-62.364
-56.72
-51.152
-45.569
-39.984
-34.379
-28.683
-22.899
-17.033
-11.071
-5.01
1.141
7.386
13.75
20.255
26.922
33.773
40.815
48.055
55.503
63.165
71.04
79.124
87.408
95.879
104.527
113.341
122.308
131.412
140.632
149.946
159.329
168.756
178.199
187.626
197.002
206.293
215.461
224.469
233.279
241.852
250.148
258.126
265.747
272.972
279.762
286.08
291.888
297.151
301.837
305.914
309.353
312.128
314.216
315.597
316.254
316.174
315.347
313.767
311.432
308.344
304.507
299.932
294.631
288.621
281.922
274.561
266.563
257.96
248.788
239.081
228.882
218.23
207.171
195.75
184.015
172.014
159.797
147.413
134.914
122.35
109.769
97.222
84.756
72.419
60.255
48.308
36.619
25.228
14.17
3.48
-6.812
-16.677
-26.09
-35.029
-43.477
-51.417
-58.837
-65.729
-72.086
-77.906
-83.189
-87.939
-92.162
-95.867
-99.064
-101.769
-103.998
-105.768
-107.1
-108.015
-108.538
-108.691
-108.501
-107.994
-107.197
-106.136
-104.84
-103.335
-101.649
-99.808
-97.838
-95.765
-93.614
-91.407
-89.167
-86.915
-84.67
-82.451
-80.274
-78.154
-76.105
-74.139
-72.267
-70.497
-68.836
-67.292
-65.867
-64.565
-63.386
-62.332
-61.401
-60.589
-59.896
-59.315
-58.841
-58.47
-58.194
-58.006
-57.898
-57.864
-57.893
-57.979
-58.112
-58.284
-58.488
-58.715
-58.958
-59.209
-59.463
-59.714
-59.955
-60.182
-60.39
-60.576
-60.736
-60.868
-60.97
-61.041
-61.08
-61.088
-61.066
-61.015
-60.939
-60.839
-60.718
-60.579
-60.426
-60.263
-60.095
-59.927
-59.761
-59.604
-59.464
-59.345
-59.255
-59.195
-59.165
-59.172
-59.222
-59.309
-59.431
-59.583
-59.76
-59.967
-60.214
-60.494
-60.794
-61.138
-61.555
-62.022
-62.535
-63.094
-63.622
-64.3
-65.303
-66.362
-67.388
-67.89
-67.282
-66.193
-65.037
-64.437
-65.252
-66.704
-68.13
-69.072
-68.784
-67.785
-66.601
-65.345
-64.337
-63.381
-62.231
-60.931
-59.448
-57.798
-56.03
-54.115
-52.031
-49.79
-47.401
-44.869
-42.206
-39.426
-36.547
-33.591
-30.583
-27.541
-24.484
-21.433
-18.413
-15.443
-12.542
-9.728
-7.023
-4.448
-2.027
0.219
2.273
4.119
5.743
7.132
8.273
9.166
9.813
10.216
10.373
10.276
9.906
9.255
8.325
7.119
5.643
3.904
1.906
-0.332
-2.769
-5.368
-8.093
-10.916
-13.824
-16.792
-19.77
-22.69
-25.487
-28.136
-30.657
-33.105
-35.511
-37.899
-40.315
-42.848
-45.578
-48.518
-51.57
-54.512
-57.147
-59.377
-61.108
-62.292
-62.964
-63.159
-63.05
-63.003
-63.264
-63.928
-65.064
-66.503
-68.156
-70.344
-73.292
-77.128
-81.559
-85.317
-86.946
-85.637
-81.92
-77.774
-76.034
-78.762
-85.727
-95.17
-103.267
-104.883
-95.766
-71.561
-29.425
30.971
109.394
204.725
315.899
441.9
578.411
715.199
835.198
917.047
941.925
901.05
799.23
652.763
482.685
306.82
136.42
-21.915
-162.523
-277.241
-356.688
-395.428
-394.868
-364.119
-316.674
-264.16
-214.29
-170.534
-133.637
-104.547
-83.764
-70.664
-63.159
-57.761
-52.136
-45.632
-39.459
-36.437
-37.686
-43.135
-51.901
-60.701
-67.321
-70.393
-68.364
-62.98
-56.708
-51.405
-49.55
-50.823
-53.255
-55.509
-55.92
-54.314
-51.825
-49.023
-46.494
-44.387
-42.274
-40.12
-38.006
-35.953
-34.092
-32.379
-30.607
-28.668
-26.493
-23.998
-21.186
-18.095
-14.758
-11.256
-7.686
-4.093
-0.495
3.098
6.704
10.352
14.067
17.883
21.831
25.93
30.19
34.625
39.244
44.062
49.096
54.358
59.86
65.611
71.616
77.874
84.384
91.137
98.123
105.331
112.75
120.368
128.169
136.137
144.251
152.488
160.824
169.228
177.667
186.108
194.514
202.849
211.073
219.149
227.036
234.694
242.082
249.16
255.888
262.225
268.132
273.571
278.505
282.9
286.723
289.943
292.532
294.465
295.72
296.278
296.123
295.244
293.631
291.28
288.189
284.362
279.806
274.53
268.55
261.882
254.55
246.579
237.998
228.839
219.137
208.93
198.259
187.165
175.693
163.889
151.8
139.474
126.962
114.312
101.574
88.797
76.031
63.324
50.722
38.27
26.014
13.993
2.249
-9.181
-20.264
-30.966
-41.259
-51.117
-60.516
-69.437
-77.864
-85.783
-93.184
-100.06
-106.408
-112.227
-117.521
-122.294
-126.554
-130.313
-133.584
-136.382
-138.726
-140.634
-142.128
-143.231
-143.967
-144.36
-144.438
-144.225
-143.75
-143.038
-142.117
-141.014
-139.755
-138.365
-136.87
-135.293
-133.657
-131.985
-130.296
-128.609
-126.942
-125.312
-123.732
-122.216
-120.775
-119.418
-118.155
-116.992
-115.934
-114.985
-114.149
-113.426
-112.817
-112.322
-111.938
-111.664
-111.496
-111.431
-111.464
-111.59
-111.804
-112.102
-112.476
-112.922
-113.433
-114.004
-114.629
-115.303
-116.022
-116.779
-117.572
-118.397
-119.248
-120.125
-121.023
-121.94
-122.876
-123.827
-124.792
-125.772
-126.764
-127.77
-128.787
-129.815
-130.853
-131.9
-132.954
-134.012
-135.075
-136.14
-137.202
-138.259
-139.313
-140.362
-141.406
-142.439
-143.453
-144.441
-145.402
-146.327
-147.196
-147.993
-148.699
-149.307
-149.823
-150.244
-150.546
-150.736
-150.866
-150.942
-150.937
-150.851
-150.613
-150.328
-150.365
-150.651
-150.832
-150.348
-148.134
-144.216
-139.672
-135.564
-133.401
-133.329
-133.918
-134.06
-132.577
-129.231
-125.102
-120.872
-116.998
-113.648
-110.406
-107.085
-103.721
-100.318
-96.965
-93.703
-90.492
-87.334
-84.256
-81.278
-78.417
-75.698
-73.141
-70.766
-68.6
-66.655
-64.941
-63.465
-62.228
-61.225
-60.454
-59.913
-59.604
-59.539
-59.725
-60.159
-60.837
-61.754
-62.906
-64.285
-65.876
-67.644
-69.554
-71.576
-73.684
-75.868
-78.103
-80.348
-82.543
-84.628
-86.573
-88.386
-90.093
-91.717
-93.283
-94.841
-96.49
-98.332
-100.399
-102.633
-104.876
-106.941
-108.682
-109.95
-110.575
-110.45
-109.544
-107.924
-105.847
-103.62
-101.491
-99.691
-98.433
-97.795
-97.977
-99.404
-102.317
-106.94
-112.934
-118.992
-123.812
-126.265
-126.169
-124.967
-124.324
-125.486
-128.527
-131.128
-129.441
-119.08
-95.889
-57.41
-2.984
67.401
154.182
258.516
380.802
517.363
656.964
780.406
864.886
891
850.262
748.587
602.224
431.128
252.381
76.802
-87.579
-231.943
-345.866
-419.154
-447.449
-435.518
-395.593
-342.54
-288.211
-238.547
-194.321
-154.794
-120.31
-92.348
-72.844
-61.855
-56.98
-54.96
-52.836
-49.859
-47.196
-46.981
-51.025
-58.437
-66.892
-72.936
-73.095
-67.284
-57.552
-47.613
-41.982
-42.58
-48.772
-57.327
-63.441
-63.675
-56.645
-44.5
-31.853
-22.388
-18.583
-19.852
-22.904
-25.373
-25.578
-23.265
-19.981
-16.56
-13.334
-10.416
-7.272
-3.708
0.117
4.124
8.156
12.121
16.061
20.009
23.981
28.026
32.194
36.515
41.013
45.7
50.571
55.634
60.906
66.405
72.147
78.151
84.427
90.985
97.834
104.974
112.401
120.107
128.078
136.301
144.763
153.451
162.348
171.434
180.686
190.078
199.58
209.161
218.784
228.41
237.999
247.509
256.899
266.125
275.144
283.911
292.382
300.512
308.258
315.577
322.425
328.763
334.551
339.751
344.328
348.251
351.488
354.013
355.804
356.839
357.104
356.585
355.274
353.167
350.262
346.564
342.081
336.823
330.807
324.052
316.582
308.425
299.611
290.177
280.158
269.596
258.534
247.016
235.091
222.807
210.214
197.363
184.307
171.099
157.79
144.434
131.082
117.786
104.594
91.556
78.718
66.125
53.818
41.838
30.222
19.004
8.215
-2.115
-11.961
-21.303
-30.12
-38.398
-46.124
-53.291
-59.892
-65.926
-71.394
-76.3
-80.651
-84.457
-87.731
-90.487
-92.743
-94.518
-95.833
-96.712
-97.178
-97.258
-96.978
-96.366
-95.45
-94.259
-92.822
-91.167
-89.323
-87.319
-85.183
-82.942
-80.621
-78.247
-75.843
-73.434
-71.04
-68.682
-66.38
-64.15
-62.01
-59.972
-58.051
-56.258
-54.601
-53.09
-51.732
-50.531
-49.491
-48.616
-47.906
-47.362
-46.982
-46.765
-46.707
-46.804
-47.052
-47.444
-47.974
-48.635
-49.42
-50.322
-51.331
-52.44
-53.639
-54.922
-56.277
-57.698
-59.174
-60.697
-62.258
-63.85
-65.464
-67.091
-68.725
-70.357
-71.981
-73.589
-75.175
-76.731
-78.251
-79.729
-81.159
-82.534
-83.848
-85.097
-86.274
-87.375
-88.395
-89.329
-90.174
-90.923
-91.574
-92.122
-92.564
-92.894
-93.109
-93.205
-93.179
-93.029
-92.751
-92.342
-91.8
-91.123
-90.31
-89.359
-88.27
-87.04
-85.67
-84.16
-82.511
-80.727
-78.808
-76.757
-74.58
-72.281
-69.866
-67.342
-64.715
-61.994
-59.187
-56.304
-53.356
-50.353
-47.309
-44.238
-41.154
-38.079
-35.029
-32.025
-29.086
-26.233
-23.487
-20.867
-18.392
-16.077
-13.936
-11.985
-10.243
-8.726
-7.446
-6.414
-5.639
-5.127
-4.887
-4.921
-5.226
-5.792
-6.612
-7.682
-9.007
-10.595
-12.45
-14.565
-16.93
-19.538
-22.378
-25.439
-28.697
-32.111
-35.636
-39.237
-42.885
-46.56
-50.235
-53.864
-57.371
-60.7
-63.827
-66.759
-69.544
-72.215
-74.791
-77.33
-79.941
-82.71
-85.671
-88.771
-91.82
-94.655
-97.17
-99.253
-100.803
-101.769
-102.129
-101.949
-101.463
-100.908
-100.432
-100.14
-100.086
-100.217
-100.758
-102.315
-105.202
-109.619
-115.013
-119.579
-122.149
-122.367
-120.833
-120.096
-121.722
-125.312
-129.448
-129.975
-122.443
-104.182
-72.7
-27.316
31.49
105.005
195.02
302.912
428.533
565.097
697.625
805.961
868.477
870.376
809.625
695.509
545.055
375.953
201.312
30.879
-126.406
-259.872
-357.754
-412.196
-423.422
-400.655
-358.531
-310.374
-264.038
-221.461
-181.048
-142.511
-108.03
-80.468
-62.439
-53.137
-48.991
-46.926
-44.212
-41.022
-39.55
-41.156
-47.088
-55.755
-63.986
-69.313
-69.261
-64.825
-58.861
-53.614
-51.627
-52.516
-54.077
-54.958
-53.577
-49.869
-45.207
-40.332
-36.013
-32.638
-29.784
-27.28
-25.1
-23.157
-21.513
-20.099
-18.638
-16.906
-14.79
-12.243
-9.3
-6.038
-2.518
1.192
4.991
8.814
12.642
16.474
20.337
24.272
28.311
32.483
36.816
41.325
46.021
50.916
56.02
61.348
66.918
72.746
78.841
85.215
91.871
98.81
106.031
113.523
121.275
129.276
137.513
145.972
154.639
163.492
172.509
181.663
190.926
200.266
209.646
219.027
228.372
237.637
246.782
255.764
264.54
273.065
281.295
289.186
296.696
303.78
310.396
316.505
322.066
327.042
331.4
335.106
338.132
340.45
342.039
342.878
342.951
342.248
340.759
338.48
335.412
331.558
326.926
321.529
315.382
308.507
300.926
292.668
283.764
274.249
264.161
253.539
242.428
230.872
218.918
206.615
194.013
181.163
168.117
154.927
141.645
128.324
115.013
101.764
88.626
75.646
62.87
50.342
38.102
26.19
14.641
3.49
-7.233
-17.502
-27.292
-36.582
-45.354
-53.596
-61.294
-68.443
-75.038
-81.077
-86.563
-91.5
-95.897
-99.763
-103.112
-105.96
-108.323
-110.222
-111.678
-112.714
-113.355
-113.626
-113.554
-113.165
-112.489
-111.553
-110.385
-109.014
-107.467
-105.772
-103.957
-102.046
-100.066
-98.041
-95.993
-93.945
-91.918
-89.929
-87.998
-86.139
-84.368
-82.698
-81.14
-79.704
-78.397
-77.228
-76.2
-75.318
-74.585
-74
-73.565
-73.277
-73.133
-73.132
-73.267
-73.535
-73.928
-74.441
-75.066
-75.795
-76.621
-77.534
-78.528
-79.592
-80.719
-81.9
-83.126
-84.389
-85.681
-86.994
-88.321
-89.656
-90.99
-92.319
-93.637
-94.938
-96.219
-97.474
-98.701
-99.896
-101.058
-102.184
-103.273
-104.324
-105.337
-106.312
-107.249
-108.148
-109.01
-109.838
-110.631
-111.393
-112.125
-112.828
-113.506
-114.159
-114.791
-115.402
-115.995
-116.572
-117.132
-117.678
-118.21
-118.729
-119.234
-119.725
-120.204
-120.667
-121.114
-121.544
-121.953
-122.34
-122.701
-123.032
-123.33
-123.588
-123.805
-123.973
-124.089
-124.148
-124.143
-124.068
-123.92
-123.691
-123.377
-122.972
-122.469
-121.865
-121.154
-120.333
-119.399
-118.347
-117.175
-115.882
-114.467
-112.93
-111.271
-109.491
-107.593
-105.581
-103.459
-101.234
-98.913
-96.503
-94.017
-91.467
-88.868
-86.236
-83.586
-80.938
-78.309
-75.718
-73.184
-70.721
-68.348
-66.078
-63.93
-61.923
-60.073
-58.394
-56.899
-55.597
-54.499
-53.614
-52.944
-52.483
-52.228
-52.177
-52.332
-52.708
-53.31
-54.135
-55.181
-56.438
-57.897
-59.548
-61.37
-63.328
-65.393
-67.533
-69.728
-71.972
-74.242
-76.507
-78.721
-80.805
-82.716
-84.446
-85.998
-87.419
-88.777
-90.126
-91.576
-93.296
-95.372
-97.831
-100.609
-103.487
-106.258
-108.751
-110.774
-112.155
-112.773
-112.551
-111.54
-109.994
-108.205
-106.427
-104.851
-103.611
-102.783
-102.677
-103.948
-106.946
-111.819
-117.986
-123.622
-127.41
-128.751
-127.854
-126.832
-127.152
-128.735
-130.85
-130.07
-122.189
-103.928
-71.516
-23.15
41.209
122.17
219.707
333.565
462.434
599.281
730.025
835.316
894.07
892.013
827.387
710.028
558.051
389.56
217.127
49.152
-108.229
-246.609
-355.026
-425.2
-454.535
-449.264
-421.896
-384.153
-344.255
-304.846
-264.833
-225.107
-188.636
-159.053
-139.777
-129.929
-125.19
-121.777
-116.971
-111.378
-108.346
-110.365
-117.876
-128.391
-138.015
-143.084
-142.165
-137.404
-131.251
-126.409
-124.674
-124.24
-123.512
-121.264
-115.853
-108.58
-101.417
-95.477
-92.669
-92.939
-94.365
-95.688
-95.341
-92.72
-88.947
-84.756
-80.611
-76.699
-72.52
-67.828
-62.731
-57.37
-51.932
-46.511
-41.076
-35.601
-30.098
-24.577
-19.026
-13.417
-7.722
-1.92
3.994
10.015
16.144
22.39
28.77
35.298
42.001
48.915
56.065
63.463
71.151
79.159
87.444
96.005
104.826
113.762
122.936
132.514
142.23
152.038
161.364
169.288
176.199
182.711
190.319
201.097
215.115
231.253
246.838
258.812
266.077
269.244
271.216
274.781
281.297
290.936
301.518
311.237
319.258
325.001
329.41
333.202
336.443
339.392
341.789
343.392
344.295
344.474
343.932
342.718
340.799
338.144
334.762
330.651
325.81
320.256
314.016
307.116
299.586
291.464
282.78
273.568
263.869
253.724
243.174
232.264
221.037
209.54
197.82
185.926
173.906
161.806
149.676
137.561
125.508
113.561
101.762
90.153
78.774
67.661
56.849
46.371
36.255
26.53
17.218
8.34
-0.084
-8.042
-15.519
-22.509
-29.005
-35.004
-40.506
-45.515
-50.035
-54.075
-57.644
-60.757
-63.426
-65.67
-67.507
-68.956
-70.04
-70.78
-71.2
-71.324
-71.178
-70.785
-70.173
-69.365
-68.387
-67.263
-66.019
-64.676
-63.259
-61.789
-60.286
-58.77
-57.259
-55.771
-54.321
-52.923
-51.59
-50.334
-49.164
-48.088
-47.115
-46.25
-45.497
-44.859
-44.338
-43.936
-43.651
-43.482
-43.428
-43.485
-43.649
-43.916
-44.281
-44.738
-45.283
-45.909
-46.61
-47.379
-48.211
-49.1
-50.038
-51.021
-52.042
-53.096
-54.179
-55.285
-56.411
-57.552
-58.705
-59.867
-61.036
-62.21
-63.387
-64.566
-65.745
-66.925
-68.104
-69.284
-70.464
-71.644
-72.826
-74.009
-75.195
-76.384
-77.576
-78.771
-79.97
-81.172
-82.376
-83.581
-84.786
-85.989
-87.187
-88.378
-89.559
-90.726
-91.875
-93.002
-94.102
-95.168
-96.197
-97.179
-98.109
-98.979
-99.782
-100.51
-101.157
-101.713
-102.171
-102.524
-102.763
-102.882
-102.872
-102.727
-102.44
-102.005
-101.417
-100.671
-99.763
-98.691
-97.453
-96.048
-94.478
-92.744
-90.849
-88.798
-86.594
-84.246
-81.762
-79.151
-76.423
-73.592
-70.673
-67.685
-64.646
-61.577
-58.499
-55.434
-52.405
-49.435
-46.546
-43.758
-41.09
-38.56
-36.192
-34.007
-32.023
-30.256
-28.721
-27.428
-26.39
-25.616
-25.106
-24.857
-24.865
-25.127
-25.649
-26.442
-27.512
-28.854
-30.464
-32.336
-34.461
-36.835
-39.439
-42.236
-45.189
-48.264
-51.435
-54.688
-57.997
-61.314
-64.575
-67.718
-70.711
-73.564
-76.308
-78.961
-81.546
-84.113
-86.758
-89.581
-92.612
-95.78
-98.918
-101.848
-104.438
-106.551
-108.031
-108.777
-108.765
-108.076
-106.958
-105.694
-104.485
-103.515
-102.973
-102.928
-103.565
-105.275
-108.249
-112.671
-118.224
-123.779
-128.312
-130.954
-131.66
-131.553
-131.685
-132.844
-134.865
-135.907
-133.01
-122.294
-99.753
-62.416
-8.837
61.302
148.299
252.908
375.534
513.425
656.89
788.029
883.802
922.499
892.271
796.246
649.983
475.322
292.322
113.919
-51.656
-197.016
-313.534
-391.801
-426.997
-423.192
-392.14
-348.7
-304.467
-263.826
-225.588
-187.029
-147.867
-111.396
-81.827
-61.879
-51.064
-46.258
-44.646
-45.092
-48.325
-55.714
-67.467
-81.22
-92.568
-97.517
-93.354
-80.862
-64.864
-51.004
-44.484
-47.623
-57.957
-70.49
-79.606
-81.48
-75.75
-64.96
-53.443
-44.431
-39.389
-38.097
-38.156
-37.93
-36.787
-34.352
-31.62
-29.155
-26.749
-24.445
-21.909
-18.891
-15.544
-11.936
-8.115
-4.196
-0.245
3.715
7.657
11.592
15.578
19.661
23.859
28.193
32.681
37.327
42.152
47.175
52.4
57.844
63.519
69.435
75.605
82.037
88.731
95.684
102.889
110.335
118.011
125.908
134.014
142.314
150.792
159.425
168.192
177.066
186.017
195.012
204.016
212.989
221.895
230.693
239.344
247.807
256.04
264.001
271.649
278.942
285.839
292.299
298.283
303.753
308.674
313.013
316.737
319.817
322.229
323.949
324.959
325.241
324.784
323.579
321.621
318.91
315.447
311.239
306.298
300.637
294.275
287.234
279.54
271.222
262.312
252.846
242.861
232.398
221.5
210.21
198.576
186.645
174.464
162.084
149.554
136.923
124.242
111.559
98.923
86.38
73.977
61.756
49.761
38.03
26.602
15.511
4.79
-5.532
-15.428
-24.875
-33.852
-42.342
-50.331
-57.808
-64.766
-71.199
-77.105
-82.488
-87.35
-91.699
-95.545
-98.901
-101.779
-104.198
-106.176
-107.734
-108.893
-109.677
-110.111
-110.219
-110.029
-109.567
-108.859
-107.934
-106.819
-105.539
-104.122
-102.593
-100.978
-99.3
-97.582
-95.847
-94.116
-92.408
-90.74
-89.13
-87.592
-86.141
-84.787
-83.542
-82.415
-81.411
-80.537
-79.797
-79.194
-78.729
-78.401
-78.209
-78.152
-78.224
-78.423
-78.741
-79.173
-79.711
-80.349
-81.077
-81.887
-82.771
-83.72
-84.724
-85.774
-86.862
-87.978
-89.114
-90.262
-91.414
-92.562
-93.699
-94.82
-95.918
-96.987
-98.025
-99.025
-99.987
-100.906
-101.781
-102.611
-103.395
-104.134
-104.828
-105.479
-106.088
-106.658
-107.191
-107.691
-108.161
-108.605
-109.027
-109.431
-109.821
-110.202
-110.578
-110.953
-111.331
-111.715
-112.109
-112.515
-112.935
-113.372
-113.827
-114.3
-114.792
-115.302
-115.83
-116.374
-116.931
-117.498
-118.071
-118.647
-119.221
-119.785
-120.335
-120.863
-121.362
-121.826
-122.245
-122.612
-122.918
-123.154
-123.312
-123.384
-123.36
-123.233
-122.993
-122.633
-122.146
-121.526
-120.767
-119.863
-118.811
-117.607
-116.25
-114.74
-113.077
-111.261
-109.297
-107.188
-104.941
-102.563
-100.062
-97.449
-94.736
-91.939
-89.075
-86.163
-83.22
-80.267
-77.325
-74.417
-71.563
-68.782
-66.091
-63.511
-61.06
-58.762
-56.636
-54.701
-52.97
-51.456
-50.174
-49.136
-48.347
-47.807
-47.513
-47.456
-47.641
-48.082
-48.778
-49.726
-50.921
-52.341
-53.985
-55.867
-57.97
-60.262
-62.742
-65.396
-68.177
-71.091
-74.097
-77.034
-80.036
-83.223
-86.282
-89.194
-91.357
-91.871
-91.538
-91.156
-92.014
-96.185
-102.848
-110.275
-116.842
-120.04
-120.151
-119.031
-117.793
-117.887
-119.244
-120.552
-121.393
-121.575
-121.165
-120.755
-120.452
-120.27
-120.679
-121.961
-124.286
-127.318
-129.797
-130.526
-129.011
-126.073
-123.834
-124.701
-130.087
-139.107
-149.209
-156.546
-156.677
-146.446
-123.358
-86.034
-34.782
30.073
108.667
202.169
312.443
438.97
574.983
705.408
808.648
862.504
852.541
777.433
648.556
484.927
305.534
125.007
-45.75
-197.411
-319.724
-403.113
-443.521
-444.121
-415.562
-371.478
-321.964
-273.258
-227.127
-183.678
-145.502
-114.395
-91.72
-77.686
-68.742
-62.47
-57.639
-53.57
-52.696
-56.38
-64.334
-75.58
-86.11
-92.162
-91.453
-83.069
-69.663
-55.157
-43.555
-37.932
-38.5
-43.537
-49.629
-53.718
-54.248
-50.928
-45.737
-40.332
-35.486
-31.82
-28.411
-24.639
-20.711
-16.59
-12.657
-9.201
-5.989
-2.824
0.402
3.812
7.449
11.286
15.334
19.597
23.998
28.451
32.922
37.394
41.879
46.429
51.069
55.81
60.683
65.709
70.914
76.322
81.947
87.796
93.879
100.207
106.789
113.636
120.75
128.129
135.765
143.648
151.765
160.109
168.665
177.418
186.351
195.443
204.672
214.015
223.442
232.922
242.419
251.896
261.314
270.635
279.818
288.822
297.606
306.128
314.346
322.22
329.705
336.763
343.352
349.433
354.97
359.928
364.274
367.977
371.011
373.351
374.977
375.87
376.016
375.405
374.03
371.887
368.978
365.308
360.885
355.721
349.832
343.24
335.968
328.043
319.497
310.362
300.675
290.476
279.806
268.709
257.23
245.416
233.316
220.978
208.454
195.792
183.044
170.26
157.488
144.777
132.174
119.725
107.473
95.46
83.726
72.308
61.241
50.556
40.282
30.446
21.07
12.174
3.776
-4.113
-11.48
-18.319
-24.627
-30.401
-35.644
-40.36
-44.558
-48.246
-51.439
-54.15
-56.398
-58.199
-59.577
-60.552
-61.148
-61.39
-61.303
-60.914
-60.248
-59.334
-58.198
-56.865
-55.364
-53.72
-51.957
-50.102
-48.176
-46.204
-44.205
-42.202
-40.212
-38.253
-36.342
-34.494
-32.722
-31.038
-29.453
-27.976
-26.614
-25.376
-24.264
-23.284
-22.439
-21.729
-21.154
-20.716
-20.412
-20.239
-20.196
-20.277
-20.48
-20.8
-21.232
-21.771
-22.411
-23.148
-23.976
-24.889
-25.883
-26.951
-28.089
-29.291
-30.552
-31.869
-33.236
-34.649
-36.105
-37.599
-39.126
-40.683
-42.266
-43.871
-45.494
-47.131
-48.777
-50.43
-52.086
-53.741
-55.392
-57.032
-58.659
-60.267
-61.851
-63.408
-64.931
-66.415
-67.855
-69.244
-70.577
-71.848
-73.05
-74.176
-75.218
-76.167
-77.019
-77.765
-78.401
-78.921
-79.316
-79.578
-79.7
-79.672
-79.494
-79.166
-78.684
-78.049
-77.259
-76.308
-75.209
-73.98
-72.603
-71.069
-69.368
-67.479
-65.442
-63.313
-61.092
-58.785
-56.459
-54.157
-51.958
-49.961
-48.111
-46.338
-44.658
-43.067
-41.527
-40.036
-38.519
-36.88
-35.232
-33.691
-32.288
-31.089
-30.134
-29.426
-29.048
-29.091
-29.483
-30.16
-31.113
-32.295
-33.704
-35.356
-37.199
-39.185
-41.334
-43.647
-46.103
-48.7
-51.393
-54.148
-56.963
-59.815
-62.67
-65.486
-68.185
-70.72
-73.085
-75.277
-77.332
-79.307
-81.242
-83.226
-85.413
-87.886
-90.689
-93.79
-97
-100.149
-103.101
-105.661
-107.646
-108.894
-109.232
-108.667
-107.431
-105.694
-103.644
-101.525
-99.459
-97.888
-97.623
-99.153
-102.787
-108.255
-114.178
-119.547
-123.907
-127.25
-131.062
-136.279
-142.328
-148.05
-150.209
-144.884
-129.249
-100.469
-57.253
0.145
71.912
158.407
260.639
379.175
510.428
643.829
761.277
841.009
864.631
824.338
726.152
585.887
422.42
251.291
81.827
-78.962
-222.362
-337.261
-412.568
-443.321
-434.531
-399.076
-352.104
-304.739
-260.849
-219.121
-177.732
-137.854
-104.023
-81.077
-70.811
-70.569
-74.345
-76.77
-75.809
-72.661
-71.241
-74.706
-82.425
-91.895
-99.184
-100.666
-97.048
-90.958
-85.133
-82.618
-83.241
-84.811
-85.904
-84.94
-81.768
-77.709
-73.464
-69.647
-66.546
-63.782
-61.202
-58.788
-56.487
-54.373
-52.393
-50.341
-48.063
-45.426
-42.369
-38.918
-35.124
-31.061
-26.815
-22.472
-18.092
-13.703
-9.309
-4.895
-0.433
4.111
8.768
13.563
18.514
23.624
28.902
34.358
40.006
45.863
51.943
58.255
64.808
71.606
78.651
85.939
93.461
101.206
109.162
117.317
125.659
134.173
142.842
151.645
160.559
169.557
178.611
187.688
196.753
205.769
214.7
223.506
232.15
240.591
248.789
256.704
264.295
271.523
278.348
284.732
290.635
296.022
300.859
305.113
308.754
311.754
314.089
315.736
316.677
316.897
316.383
315.128
313.126
310.377
306.884
302.652
297.693
292.021
285.652
278.609
270.917
262.605
253.704
244.248
234.275
223.824
212.937
201.657
190.03
178.102
165.921
153.536
140.994
128.346
115.641
102.926
90.251
77.661
65.202
52.918
40.85
29.04
17.523
6.336
-4.488
-14.921
-24.935
-34.505
-43.612
-52.236
-60.363
-67.982
-75.084
-81.663
-87.717
-93.248
-98.257
-102.751
-106.739
-110.232
-113.243
-115.789
-117.886
-119.555
-120.816
-121.691
-122.206
-122.383
-122.25
-121.831
-121.153
-120.243
-119.127
-117.831
-116.382
-114.804
-113.123
-111.362
-109.544
-107.691
-105.823
-103.961
-102.12
-100.32
-98.573
-96.895
-95.297
-93.789
-92.382
-91.083
-89.898
-88.832
-87.89
-87.073
-86.383
-85.819
-85.382
-85.069
-84.877
-84.803
-84.843
-84.991
-85.244
-85.595
-86.039
-86.568
-87.178
-87.861
-88.611
-89.422
-90.287
-91.202
-92.159
-93.155
-94.184
-95.241
-96.323
-97.426
-98.547
-99.682
-100.829
-101.986
-103.151
-104.322
-105.498
-106.679
-107.863
-109.049
-110.238
-111.428
-112.619
-113.809
-114.998
-116.184
-117.367
-118.544
-119.713
-120.873
-122.022
-123.156
-124.273
-125.37
-126.442
-127.486
-128.497
-129.469
-130.396
-131.272
-132.091
-132.847
-133.534
-134.144
-134.669
-135.104
-135.441
-135.672
-135.792
-135.792
-135.667
-135.409
-135.013
-134.475
-133.792
-132.958
-131.972
-130.832
-129.538
-128.092
-126.494
-124.748
-122.856
-120.824
-118.658
-116.367
-113.959
-111.446
-108.84
-106.158
-103.418
-100.639
-97.838
-95.038
-92.258
-89.521
-86.847
-84.254
-81.761
-79.385
-77.147
-75.069
-73.169
-71.46
-69.959
-68.674
-67.619
-66.802
-66.225
-65.884
-65.774
-65.896
-66.254
-66.863
-67.728
-68.847
-70.214
-71.826
-73.675
-75.755
-78.049
-80.518
-83.127
-85.844
-88.641
-91.507
-94.417
-97.323
-100.162
-102.873
-105.423
-107.824
-110.107
-112.293
-114.409
-116.511
-118.702
-121.086
-123.694
-126.46
-129.218
-131.792
-134.047
-135.845
-137.026
-137.504
-137.268
-136.403
-135.168
-133.853
-132.66
-131.774
-131.371
-131.447
-132.155
-133.976
-137.164
-141.884
-147.676
-152.786
-155.732
-155.942
-153.92
-152.205
-153.022
-156.547
-161.706
-164.931
-161.704
-148.858
-123.279
-83.132
-28.038
42.893
130.333
234.911
356.678
492.019
631.126
757.054
848.421
885.19
856.315
764.692
624.678
456.722
279.837
106.145
-56.38
-200.628
-318.288
-399.858
-440.351
-442.786
-417.377
-377.684
-334.199
-291.945
-251.278
-211.105
-172.971
-139.94
-115.174
-100.379
-93.102
-89.671
-87.326
-84.502
-83.06
-85.559
-92.837
-104.041
-115.27
-121.788
-120.517
-111.059
-96.329
-81.328
-71.027
-67.961
-72.122
-80.523
-88.438
-92.742
-91.524
-85.569
-78.111
-71.284
-66.597
-64.089
-62.038
-59.579
-56.478
-52.794
-49.157
-45.756
-42.326
-38.735
-34.887
-30.74
-26.348
-21.752
-16.943
-11.966
-6.932
-1.893
3.145
8.184
13.269
18.437
23.696
29.068
34.584
40.261
46.12
52.179
58.441
64.919
71.626
78.57
85.762
93.208
100.907
108.855
117.041
125.454
134.08
142.908
151.923
161.109
170.445
179.91
189.482
199.134
208.838
218.56
228.264
237.912
247.466
256.888
266.137
275.172
283.954
292.44
300.59
308.363
315.72
322.621
329.027
334.902
340.211
344.922
349.004
352.43
355.175
357.218
358.541
359.128
358.97
358.057
356.386
353.957
350.774
346.843
342.177
336.79
330.7
323.931
316.508
308.461
299.822
290.627
280.914
270.722
260.096
249.078
237.715
226.054
214.143
202.031
189.768
177.404
164.987
152.566
140.189
127.902
115.752
103.781
92.032
80.543
69.353
58.495
48.002
37.904
28.226
18.993
10.225
1.938
-5.851
-13.134
-19.9
-26.147
-31.872
-37.076
-41.764
-45.942
-49.62
-52.81
-55.525
-57.784
-59.605
-61.007
-62.013
-62.646
-62.932
-62.895
-62.563
-61.961
-61.118
-60.06
-58.816
-57.412
-55.875
-54.232
-52.508
-50.728
-48.915
-47.092
-45.282
-43.503
-41.776
-40.117
-38.542
-37.066
-35.702
-34.461
-33.352
-32.384
-31.564
-30.896
-30.384
-30.03
-29.834
-29.797
-29.916
-30.188
-30.61
-31.176
-31.881
-32.719
-33.683
-34.764
-35.956
-37.25
-38.638
-40.111
-41.66
-43.277
-44.952
-46.678
-48.446
-50.248
-52.076
-53.923
-55.782
-57.647
-59.511
-61.369
-63.216
-65.048
-66.861
-68.65
-70.415
-72.151
-73.858
-75.533
-77.178
-78.789
-80.368
-81.913
-83.425
-84.903
-86.347
-87.757
-89.133
-90.474
-91.78
-93.05
-94.284
-95.48
-96.637
-97.754
-98.829
-99.859
-100.843
-101.777
-102.658
-103.482
-104.245
-104.944
-105.576
-106.134
-106.615
-107.014
-107.326
-107.546
-107.67
-107.691
-107.606
-107.408
-107.094
-106.661
-106.106
-105.425
-104.617
-103.682
-102.62
-101.431
-100.12
-98.687
-97.136
-95.474
-93.705
-91.839
-89.883
-87.848
-85.746
-83.593
-81.405
-79.2
-76.995
-74.808
-72.661
-70.573
-68.563
-66.646
-64.839
-63.159
-61.626
-60.258
-59.072
-58.081
-57.296
-56.728
-56.386
-56.277
-56.399
-56.746
-57.312
-58.091
-59.089
-60.315
-61.772
-63.454
-65.354
-67.465
-69.778
-72.286
-74.971
-77.797
-80.728
-83.734
-86.79
-89.886
-92.998
-96.082
-99.075
-101.915
-104.575
-107.065
-109.42
-111.667
-113.831
-115.964
-118.162
-120.516
-123.056
-125.722
-128.336
-130.714
-132.733
-134.245
-135.125
-135.312
-134.759
-133.524
-131.841
-129.948
-128.003
-126.189
-124.602
-123.198
-122.22
-122.19
-123.434
-126.27
-130.389
-134.265
-136.799
-137.631
-137.133
-137.534
-140.53
-145.837
-152.221
-156.173
-153.227
-140.339
-114.674
-74.604
-20.08
49.64
135.715
239.613
362.37
501.054
645.583
777.775
874.571
914.485
885.965
792.562
649.879
479.441
300.394
124.01
-42.768
-193.422
-318.829
-407.428
-452.311
-455.222
-426.747
-382.432
-334.609
-289.444
-247.268
-205.73
-165.306
-128.738
-99.472
-80.028
-68.627
-61.844
-56.881
-52.031
-49.16
-50.869
-58.205
-70.494
-83.455
-91.974
-92.713
-84.915
-72.422
-61.084
-55.373
-57.7
-65.872
-74.454
-79.341
-77.35
-68.52
-57.106
-46.2
-38.482
-35.356
-34.372
-33.824
-32.744
-30.162
-27.197
-24.601
-22.217
-20.11
-17.832
-15.037
-11.861
-8.375
-4.652
-0.789
3.174
7.174
11.162
15.127
19.095
23.119
27.235
31.457
35.805
40.29
44.928
49.74
54.74
59.938
65.349
70.986
76.86
82.983
89.363
96
102.892
110.033
117.411
125.018
132.845
140.88
149.108
157.511
166.068
174.756
183.547
192.413
201.319
210.23
219.108
227.914
236.61
245.156
253.511
261.634
269.482
277.015
284.192
290.973
297.317
303.186
308.544
313.355
317.587
321.21
324.195
326.518
328.158
329.096
329.318
328.812
327.57
325.59
322.871
319.417
315.237
310.341
304.746
298.47
291.537
283.973
275.808
267.074
257.808
248.048
237.833
227.207
216.213
204.898
193.309
181.492
169.497
157.372
145.166
132.927
120.703
108.54
96.484
84.579
72.866
61.387
50.178
39.276
28.713
18.519
8.721
-0.655
-9.59
-18.064
-26.062
-33.573
-40.587
-47.099
-53.105
-58.607
-63.607
-68.11
-72.125
-75.663
-78.737
-81.362
-83.554
-85.334
-86.72
-87.736
-88.403
-88.746
-88.79
-88.558
-88.077
-87.373
-86.47
-85.395
-84.171
-82.823
-81.375
-79.85
-78.269
-76.653
-75.021
-73.392
-71.783
-70.209
-68.685
-67.222
-65.833
-64.527
-63.313
-62.198
-61.187
-60.284
-59.494
-58.816
-58.254
-57.805
-57.469
-57.245
-57.128
-57.117
-57.206
-57.392
-57.668
-58.032
-58.476
-58.995
-59.583
-60.235
-60.945
-61.707
-62.516
-63.366
-64.252
-65.171
-66.117
-67.087
-68.077
-69.085
-70.106
-71.14
-72.183
-73.235
-74.294
-75.358
-76.427
-77.501
-78.579
-79.66
-80.745
-81.833
-82.923
-84.015
-85.107
-86.199
-87.288
-88.374
-89.454
-90.526
-91.587
-92.635
-93.667
-94.678
-95.664
-96.622
-97.546
-98.431
-99.271
-100.059
-100.789
-101.454
-102.048
-102.563
-102.993
-103.328
-103.564
-103.692
-103.705
-103.597
-103.36
-102.988
-102.475
-101.817
-101.009
-100.047
-98.93
-97.655
-96.223
-94.634
-92.891
-90.995
-88.95
-86.762
-84.437
-81.984
-79.41
-76.726
-73.945
-71.082
-68.154
-65.181
-62.182
-59.177
-56.188
-53.239
-50.35
-47.543
-44.835
-42.244
-39.789
-37.492
-35.371
-33.445
-31.727
-30.23
-28.967
-27.949
-27.181
-26.664
-26.393
-26.364
-26.575
-27.034
-27.754
-28.74
-29.991
-31.501
-33.268
-35.285
-37.541
-40.018
-42.678
-45.483
-48.4
-51.406
-54.482
-57.605
-60.732
-63.79
-66.725
-69.505
-72.13
-74.639
-77.067
-79.447
-81.844
-84.372
-87.127
-90.15
-93.397
-96.684
-99.82
-102.643
-104.982
-106.679
-107.632
-107.789
-107.193
-106.068
-104.697
-103.322
-102.161
-101.397
-101.084
-101.494
-103.25
-106.708
-112.104
-118.971
-125.572
-130.564
-133.231
-133.669
-134.002
-135.862
-139.303
-143.572
-144.914
-138.632
-121.333
-89.59
-42.287
19.844
97.315
190.854
301.234
428.082
564.672
696.351
802.985
862.874
861.298
796.253
677.288
522.107
348.948
171.351
-0.549
-158.095
-291.124
-388.194
-441.791
-452.123
-428.109
-384.199
-333.914
-285.655
-241.929
-201.769
-164.747
-131.781
-104.708
-84.999
-71.372
-61.662
-54.17
-47.927
-44.652
-46.371
-53.637
-65.595
-78.38
-87.275
-89.219
-83.498
-73.067
-63.092
-57.782
-59.045
-65.887
-74.339
-80.39
-81.696
-77.154
-68.554
-58.878
-50.092
-43.984
-40.532
-38.281
-36.513
-34.684
-32.678
-30.994
-29.625
-28.178
-26.431
-24.196
-21.424
-18.269
-14.83
-11.128
-7.239
-3.28
0.696
4.669
8.647
12.698
16.871
21.178
25.641
30.281
35.104
40.128
45.365
50.819
56.499
62.418
68.584
75.007
81.692
88.638
95.842
103.295
110.986
118.902
127.033
135.368
143.891
152.583
161.424
170.389
179.452
188.584
197.75
206.915
216.04
225.089
234.021
242.799
251.381
259.727
267.797
275.55
282.945
289.944
296.506
302.595
308.174
313.208
317.666
321.518
324.735
327.294
329.172
330.351
330.816
330.555
329.56
327.825
325.351
322.139
318.196
313.533
308.162
302.101
295.371
287.997
280.006
271.428
262.297
252.649
242.522
231.956
220.994
209.678
198.055
186.17
174.069
161.801
149.412
136.951
124.463
111.996
99.594
87.302
75.163
63.216
51.501
40.054
28.911
18.103
7.659
-2.393
-12.03
-21.23
-29.974
-38.248
-46.039
-53.337
-60.135
-66.429
-72.219
-77.504
-82.29
-86.583
-90.392
-93.726
-96.6
-99.029
-101.029
-102.617
-103.815
-104.642
-105.121
-105.274
-105.124
-104.695
-104.011
-103.096
-101.974
-100.668
-99.203
-97.601
-95.885
-94.076
-92.196
-90.265
-88.3
-86.322
-84.346
-82.389
-80.465
-78.588
-76.772
-75.026
-73.362
-71.789
-70.314
-68.945
-67.688
-66.546
-65.525
-64.626
-63.853
-63.206
-62.685
-62.291
-62.023
-61.88
-61.859
-61.959
-62.176
-62.508
-62.951
-63.502
-64.157
-64.911
-65.761
-66.703
-67.731
-68.842
-70.03
-71.291
-72.62
-74.011
-75.459
-76.958
-78.503
-80.087
-81.705
-83.349
-85.015
-86.695
-88.382
-90.069
-91.75
-93.417
-95.062
-96.678
-98.255
-99.787
-101.263
-102.676
-104.019
-105.281
-106.456
-107.533
-108.506
-109.365
-110.104
-110.713
-111.186
-111.515
-111.694
-111.716
-111.576
-111.271
-110.795
-110.146
-109.323
-108.323
-107.149
-105.801
-104.28
-102.591
-100.739
-98.73
-96.572
-94.275
-91.848
-89.306
-86.665
-83.942
-81.155
-78.323
-75.469
-72.612
-69.776
-66.981
-64.248
-61.596
-59.044
-56.615
-54.331
-52.213
-50.279
-48.544
-47.023
-45.729
-44.676
-43.869
-43.306
-42.989
-42.918
-43.099
-43.55
-44.276
-45.276
-46.548
-48.083
-49.872
-51.906
-54.165
-56.616
-59.229
-61.969
-64.813
-67.752
-70.758
-73.799
-76.827
-79.761
-82.562
-85.222
-87.747
-90.182
-92.578
-94.965
-97.431
-100.122
-103.105
-106.405
-109.952
-113.539
-117.018
-120.285
-123.21
-125.677
-127.573
-128.791
-129.388
-129.585
-129.503
-129.237
-128.85
-128.296
-127.871
-128.166
-129.536
-132.238
-135.927
-139.435
-142.022
-143.42
-144.127
-145.498
-148.419
-152.784
-157.36
-160.316
-159.036
-150.454
-131.701
-99.225
-50.56
14.862
97.246
195.758
309.069
435.316
568.285
695.657
800.033
861.788
866.217
809.292
698.278
548.753
378.09
200.529
26.561
-135.063
-274.224
-380.088
-444.676
-466.214
-451.706
-413.887
-365.381
-315.635
-268.517
-223.955
-182.567
-146.012
-116.486
-96.261
-84.459
-77.735
-73.271
-68.92
-65.055
-64.241
-68.233
-77.18
-88.646
-98.596
-103.353
-101.267
-94.374
-86.185
-80.047
-78.158
-79.357
-81.204
-81.991
-80.286
-76.289
-71.312
-65.984
-60.927
-56.564
-52.6
-48.918
-45.55
-42.438
-39.657
-37.237
-34.987
-32.605
-29.901
-26.799
-23.29
-19.462
-15.396
-11.118
-6.692
-2.218
2.256
6.71
11.145
15.613
20.161
24.806
29.57
34.471
39.518
44.727
50.118
55.7
61.488
67.498
73.741
80.229
86.972
93.972
101.227
108.733
116.478
124.452
132.649
141.056
149.661
158.448
167.396
176.483
185.685
194.972
204.312
213.67
223.007
232.287
241.469
250.515
259.383
268.032
276.419
284.504
292.243
299.596
306.521
312.979
318.931
324.34
329.172
333.393
336.975
339.889
342.112
343.622
344.402
344.439
343.722
342.244
340.003
337.001
333.242
328.736
323.496
317.539
310.886
303.562
295.595
287.016
277.859
268.163
257.966
247.311
236.243
224.806
213.048
201.017
188.764
176.338
163.789
151.168
138.524
125.907
113.364
100.943
88.687
76.642
64.847
53.341
42.161
31.341
20.911
10.899
1.329
-7.776
-16.398
-24.522
-32.136
-39.231
-45.803
-51.847
-57.365
-62.361
-66.84
-70.813
-74.289
-77.284
-79.813
-81.895
-83.549
-84.797
-85.663
-86.17
-86.342
-86.208
-85.791
-85.119
-84.22
-83.118
-81.841
-80.413
-78.861
-77.208
-75.476
-73.689
-71.866
-70.027
-68.19
-66.371
-64.586
-62.847
-61.167
-59.556
-58.023
-56.575
-55.218
-53.956
-52.791
-51.726
-50.761
-49.896
-49.129
-48.458
-47.88
-47.391
-46.987
-46.664
-46.416
-46.238
-46.124
-46.069
-46.069
-46.118
-46.214
-46.351
-46.527
-46.738
-46.982
-47.257
-47.559
-47.889
-48.246
-48.63
-49.045
-49.493
-49.977
-50.503
-51.075
-51.695
-52.369
-53.099
-53.894
-54.758
-55.699
-56.724
-57.842
-59.059
-60.379
-61.808
-63.345
-64.991
-66.741
-68.593
-70.543
-72.591
-74.733
-76.965
-79.272
-81.636
-84.035
-86.449
-88.861
-91.259
-93.631
-95.96
-98.238
-100.472
-102.647
-104.729
-106.659
-108.343
-109.702
-110.694
-111.308
-111.546
-111.494
-111.3
-111.151
-111.298
-111.94
-113.17
-114.981
-117.279
-119.814
-122.223
-124.134
-125.129
-124.881
-123.233
-120.167
-115.804
-110.456
-104.566
-98.542
-92.789
-87.625
-83.214
-79.622
-76.815
-74.617
-72.769
-71.071
-69.358
-67.524
-65.552
-63.449
-61.25
-59.049
-56.968
-55.089
-53.455
-52.089
-50.98
-50.135
-49.574
-49.301
-49.308
-49.595
-50.162
-51.013
-52.157
-53.583
-55.262
-57.165
-59.256
-61.513
-63.927
-66.468
-69.107
-71.79
-74.433
-76.989
-79.445
-81.8
-84.1
-86.399
-88.727
-91.172
-93.878
-96.913
-100.292
-103.935
-107.609
-111.12
-114.325
-117.069
-119.223
-120.676
-121.34
-121.277
-120.749
-119.959
-119.084
-118.248
-117.437
-116.933
-117.37
-119.192
-122.721
-127.62
-132.357
-135.799
-137.533
-137.877
-139.048
-142.765
-148.834
-156.172
-161.285
-159.61
-147.891
-122.824
-82.43
-26.833
43.943
129.52
229.786
345.455
474.754
610.538
738.638
838.566
889.481
877.84
802.474
674.973
514.246
338.852
162.386
-6.359
-159.87
-288.721
-382.444
-434.108
-444.698
-423.914
-386.114
-343.676
-302.993
-264.55
-226.302
-188.325
-153.398
-125.293
-106.54
-95.839
-89.952
-85.763
-81.631
-78.926
-79.388
-84.331
-93.644
-104.341
-113.324
-117.39
-114.526
-106.211
-95.621
-87.049
-84.173
-87.765
-95.577
-103.501
-107.958
-106.84
-100.745
-92.511
-84.4
-78.108
-74.031
-70.888
-67.861
-64.621
-61.144
-57.95
-55.238
-52.763
-50.197
-47.286
-43.943
-40.218
-36.211
-31.964
-27.491
-22.87
-18.2
-13.531
-8.883
-4.231
0.491
5.309
10.234
15.285
20.474
25.819
31.339
37.046
42.945
49.046
55.357
61.887
68.646
75.637
82.857
90.301
97.958
105.819
113.876
122.119
130.537
139.115
147.837
156.682
165.628
174.649
183.717
192.798
201.857
210.858
219.766
228.542
237.149
245.547
253.698
261.561
269.097
276.267
283.032
289.355
295.198
300.527
305.307
309.509
313.102
316.06
318.36
319.981
320.906
321.12
320.612
319.375
317.405
314.702
311.27
307.115
302.249
296.687
290.446
283.549
276.022
267.892
259.193
249.957
240.223
230.03
219.418
208.432
197.115
185.513
173.674
161.645
149.475
137.21
124.899
112.589
100.326
88.156
76.122
64.268
52.632
41.254
30.17
19.413
9.014
-0.998
-10.596
-19.76
-28.468
-36.704
-44.453
-51.707
-58.456
-64.696
-70.426
-75.646
-80.36
-84.576
-88.301
-91.547
-94.328
-96.659
-98.557
-100.042
-101.133
-101.853
-102.225
-102.271
-102.017
-101.486
-100.705
-99.697
-98.489
-97.104
-95.567
-93.901
-92.131
-90.278
-88.363
-86.407
-84.43
-82.448
-80.479
-78.539
-76.641
-74.798
-73.022
-71.323
-69.709
-68.188
-66.766
-65.448
-64.238
-63.139
-62.152
-61.279
-60.518
-59.871
-59.334
-58.906
-58.584
-58.365
-58.245
-58.222
-58.289
-58.444
-58.681
-58.996
-59.385
-59.843
-60.366
-60.949
-61.589
-62.282
-63.024
-63.812
-64.642
-65.511
-66.417
-67.357
-68.328
-69.329
-70.357
-71.41
-72.486
-73.583
-74.697
-75.828
-76.972
-78.126
-79.287
-80.452
-81.618
-82.781
-83.936
-85.081
-86.21
-87.319
-88.402
-89.455
-90.472
-91.446
-92.37
-93.239
-94.046
-94.784
-95.446
-96.025
-96.515
-96.908
-97.197
-97.378
-97.441
-97.382
-97.195
-96.874
-96.415
-95.813
-95.067
-94.174
-93.132
-91.941
-90.604
-89.121
-87.497
-85.734
-83.839
-81.816
-79.675
-77.425
-75.074
-72.637
-70.127
-67.563
-64.963
-62.346
-59.731
-57.142
-54.597
-52.118
-49.725
-47.434
-45.262
-43.229
-41.354
-39.654
-38.146
-36.841
-35.75
-34.883
-34.249
-33.853
-33.694
-33.767
-34.067
-34.595
-35.357
-36.366
-37.626
-39.131
-40.877
-42.863
-45.084
-47.539
-50.208
-53.05
-56.028
-59.109
-62.266
-65.487
-68.733
-71.94
-75.053
-78.035
-80.883
-83.647
-86.356
-89.005
-91.628
-94.285
-97.017
-99.858
-102.743
-105.472
-107.879
-109.865
-111.312
-112.144
-112.364
-111.989
-111.158
-110.183
-109.326
-108.743
-108.578
-108.87
-109.52
-110.639
-112.558
-115.455
-119.525
-124.368
-128.598
-131.083
-131.381
-130.232
-129.751
-131.868
-136.992
-143.602
-148.896
-149.209
-141.232
-122.891
-92.111
-47.492
11.693
87.209
180.698
292.827
422.431
562.204
697.248
807.568
871.517
873.851
811.718
693.862
537.607
361.688
180.637
5.363
-155.017
-290.475
-390.14
-446.774
-460.39
-439.364
-397.493
-347.778
-298.461
-252.387
-208.897
-168.041
-132.052
-103.872
-85.902
-77.678
-75.668
-75.741
-74.986
-72.946
-71.627
-73.954
-80.893
-90.628
-99.434
-102.73
-98.516
-88.549
-77.244
-69.767
-69.004
-74.904
-83.969
-91.424
-94.314
-90.638
-81.515
-70.803
-60.973
-54.507
-52.266
-51.8
-51.606
-50.625
-47.941
-44.747
-41.746
-38.79
-36.051
-33.114
-29.648
-25.835
-21.746
-17.428
-12.997
-8.514
-4
0.515
5.03
9.605
14.291
19.1
24.051
29.162
34.434
39.886
45.535
51.386
57.451
63.744
70.272
77.047
84.075
91.354
98.883
106.653
114.65
122.865
131.286
139.9
148.694
157.65
166.747
175.961
185.268
194.638
204.038
213.432
222.784
232.055
241.207
250.201
258.997
267.553
275.829
283.784
291.378
298.57
305.32
311.591
317.345
322.546
327.162
331.162
334.517
337.202
339.194
340.474
341.026
340.837
339.899
338.206
335.757
332.554
328.603
323.913
318.499
312.378
305.571
298.102
290
281.296
272.023
262.219
251.922
241.175
230.02
218.502
206.668
194.564
182.241
169.746
157.129
144.438
131.724
119.032
106.411
93.906
81.56
69.417
57.515
45.894
34.589
23.632
13.053
2.881
-6.86
-16.149
-24.968
-33.3
-41.135
-48.461
-55.274
-61.57
-67.349
-72.613
-77.367
-81.619
-85.379
-88.66
-91.476
-93.845
-95.784
-97.315
-98.458
-99.236
-99.673
-99.794
-99.623
-99.187
-98.511
-97.62
-96.541
-95.298
-93.916
-92.419
-90.831
-89.174
-87.47
-85.738
-83.999
-82.27
-80.568
-78.91
-77.308
-75.777
-74.327
-72.969
-71.712
-70.564
-69.53
-68.616
-67.824
-67.159
-66.622
-66.212
-65.931
-65.775
-65.744
-65.833
-66.04
-66.361
-66.789
-67.322
-67.952
-68.673
-69.481
-70.369
-71.33
-72.357
-73.444
-74.583
-75.767
-76.989
-78.243
-79.519
-80.811
-82.112
-83.415
-84.712
-85.997
-87.262
-88.5
-89.705
-90.869
-91.987
-93.049
-94.05
-94.983
-95.842
-96.619
-97.31
-97.908
-98.408
-98.803
-99.089
-99.26
-99.312
-99.24
-99.039
-98.705
-98.236
-97.63
-96.884
-95.998
-94.97
-93.803
-92.498
-91.058
-89.486
-87.787
-85.964
-84.026
-81.979
-79.832
-77.595
-75.277
-72.895
-70.463
-67.999
-65.52
-63.046
-60.594
-58.184
-55.837
-53.57
-51.398
-49.338
-47.406
-45.62
-43.999
-42.559
-41.311
-40.267
-39.437
-38.83
-38.453
-38.304
-38.377
-38.667
-39.173
-39.9
-40.86
-42.059
-43.493
-45.159
-47.052
-49.167
-51.498
-54.03
-56.726
-59.55
-62.469
-65.457
-68.5
-71.576
-74.638
-77.624
-80.477
-83.171
-85.724
-88.174
-90.543
-92.845
-95.125
-97.474
-99.978
-102.657
-105.437
-108.143
-110.611
-112.744
-114.439
-115.577
-116.113
-116.05
-115.465
-114.628
-113.805
-113.145
-112.788
-112.857
-113.32
-114.396
-116.629
-120.243
-125.432
-131.736
-137.544
-141.806
-144.141
-145.015
-146.612
-150.217
-155.318
-160.467
-161.822
-155.289
-138.279
-108.378
-64.974
-8.496
61.854
147.446
250.298
371.044
504.618
638.084
751.379
822.485
835.123
784.778
679.942
536.904
372.901
201.422
31.478
-128.223
-266.453
-370.866
-432.062
-448.986
-430.498
-391.267
-345.365
-301.459
-261.653
-224.176
-188.258
-155.542
-128.817
-110.793
-100.802
-95.404
-91.473
-86.686
-81.748
-79.421
-81.653
-89.146
-99.553
-108.877
-113.736
-111.936
-104.739
-95.842
-88.851
-86.771
-90.207
-96.533
-102.296
-104.604
-101.333
-93.335
-83.777
-75.072
-69.499
-67.736
-67.661
-67.862
-67.324
-65.243
-62.583
-59.869
-57.038
-54.298
-51.31
-47.837
-44.046
-39.995
-35.777
-31.534
-27.299
-23.068
-18.851
-14.622
-10.337
-5.957
-1.459
3.182
7.981
12.938
18.066
23.376
28.88
34.596
40.539
46.721
53.15
59.834
66.773
73.964
81.4
89.07
96.962
105.066
113.368
121.855
130.509
139.309
148.232
157.253
166.341
175.464
184.586
193.67
202.679
211.574
220.316
228.865
237.178
245.217
252.939
260.305
267.273
273.806
279.864
285.41
290.411
294.833
298.645
301.82
304.332
306.16
307.284
307.69
307.366
306.302
304.496
301.946
298.655
294.63
289.882
284.424
278.275
271.458
263.996
255.92
247.26
238.052
228.332
218.141
207.52
196.513
185.165
173.523
161.633
149.544
137.305
124.965
112.572
100.175
87.819
75.553
63.42
51.463
39.724
28.241
17.052
6.191
-4.311
-14.424
-24.123
-33.383
-42.185
-50.51
-58.346
-65.681
-72.506
-78.816
-84.61
-89.887
-94.651
-98.908
-102.667
-105.938
-108.733
-111.069
-112.962
-114.43
-115.494
-116.174
-116.494
-116.477
-116.147
-115.528
-114.645
-113.523
-112.187
-110.661
-108.971
-107.139
-105.189
-103.143
-101.023
-98.85
-96.641
-94.417
-92.195
-89.989
-87.816
-85.689
-83.619
-81.619
-79.697
-77.862
-76.122
-74.482
-72.948
-71.524
-70.212
-69.014
-67.932
-66.965
-66.113
-65.375
-64.749
-64.233
-63.825
-63.521
-63.317
-63.21
-63.196
-63.271
-63.432
-63.672
-63.989
-64.378
-64.835
-65.356
-65.936
-66.571
-67.257
-67.989
-68.763
-69.574
-70.419
-71.292
-72.188
-73.104
-74.035
-74.975
-75.921
-76.867
-77.807
-78.736
-79.649
-80.539
-81.401
-82.227
-83.011
-83.747
-84.427
-85.045
-85.594
-86.066
-86.455
-86.752
-86.952
-87.048
-87.031
-86.896
-86.636
-86.245
-85.719
-85.052
-84.241
-83.282
-82.172
-80.91
-79.496
-77.929
-76.21
-74.341
-72.327
-70.173
-67.883
-65.466
-62.93
-60.287
-57.552
-54.741
-51.869
-48.954
-46.015
-43.073
-40.148
-37.258
-34.423
-31.659
-28.984
-26.418
-23.984
-21.701
-19.584
-17.65
-15.911
-14.38
-13.071
-11.989
-11.131
-10.499
-10.094
-9.924
-10.007
-10.354
-10.965
-11.838
-12.968
-14.344
-15.962
-17.799
-19.823
-22.003
-24.306
-26.709
-29.203
-31.76
-34.351
-36.924
-39.396
-41.725
-43.904
-45.942
-47.891
-49.814
-51.749
-53.786
-56.071
-58.674
-61.616
-64.823
-68.069
-71.173
-74.015
-76.472
-78.454
-79.89
-80.702
-80.953
-80.896
-80.719
-80.563
-80.505
-80.465
-80.649
-81.63
-83.782
-87.295
-91.739
-95.709
-98.323
-99.613
-100.297
-102.138
-106.122
-111.078
-114.957
-114.996
-107.964
-92.159
-66.182
-28.121
22.643
86.876
165.699
259.482
368.675
491.439
620.261
741.3
835.736
884.836
877.179
812.646
701.512
559.629
401.713
238.115
76.454
-75.162
-205.526
-302.1
-356.565
-369.074
-348.979
-310.778
-267.246
-225.448
-186.732
-149.419
-113.433
-81.278
-56.019
-40.08
-32.492
-29.48
-27.764
-25.234
-22.461
-22.191
-26.547
-35.633
-46.896
-56.128
-59.36
-55.249
-46.031
-36.035
-29.493
-28.621
-32.395
-37.174
-39.975
-39.174
-34.769
-29.228
-24.268
-20.619
-18.821
-17.9
-17.111
-16.301
-15.068
-13.488
-11.711
-9.632
-7.228
-4.434
-1.192
2.447
6.367
10.412
14.49
18.565
22.62
26.674
30.737
34.806
38.915
43.11
47.418
51.862
56.452
61.182
66.063
71.115
76.355
81.807
87.486
93.402
99.562
105.974
112.638
119.552
126.711
134.101
141.712
149.534
157.553
165.756
174.127
182.643
191.282
200.018
208.821
217.66
226.501
235.307
244.043
252.669
261.146
269.435
277.495
285.285
292.765
299.893
306.63
312.936
318.773
324.103
328.893
333.108
336.717
339.693
342.008
343.642
344.575
344.79
344.276
343.024
341.029
338.289
334.808
330.593
325.653
320.002
313.659
306.646
298.988
290.714
281.856
272.45
262.533
252.145
241.33
230.131
218.594
206.768
194.7
182.439
170.036
157.54
145
132.467
119.987
107.608
95.376
83.334
71.524
59.985
48.755
37.868
27.357
17.248
7.569
-1.658
-10.413
-18.681
-26.449
-33.707
-40.449
-46.671
-52.375
-57.563
-62.241
-66.419
-70.107
-73.322
-76.078
-78.395
-80.293
-81.796
-82.927
-83.712
-84.177
-84.35
-84.259
-83.933
-83.401
-82.69
-81.83
-80.85
-79.775
-78.633
-77.451
-76.251
-75.058
-73.894
-72.778
-71.731
-70.769
-69.908
-69.162
-68.543
-68.061
-67.726
-67.543
-67.518
-67.654
-67.952
-68.414
-69.036
-69.817
-70.751
-71.834
-73.058
-74.417
-75.9
-77.499
-79.202
-81.001
-82.882
-84.835
-86.847
-88.907
-91.004
-93.124
-95.258
-97.394
-99.52
-101.628
-103.707
-105.747
-107.742
-109.682
-111.56
-113.372
-115.11
-116.77
-118.349
-119.844
-121.252
-122.573
-123.805
-124.95
-126.007
-126.978
-127.867
-128.675
-129.405
-130.062
-130.65
-131.174
-131.637
-132.045
-132.403
-132.715
-132.986
-133.221
-133.422
-133.596
-133.744
-133.869
-133.975
-134.064
-134.138
-134.198
-134.244
-134.276
-134.294
-134.297
-134.281
-134.244
-134.183
-134.093
-133.968
-133.805
-133.598
-133.34
-133.024
-132.643
-132.191
-131.659
-131.041
-130.327
-129.511
-128.584
-127.54
-126.372
-125.074
-123.64
-122.065
-120.345
-118.479
-116.463
-114.297
-111.98
-109.513
-106.899
-104.142
-101.246
-98.22
-95.071
-91.812
-88.457
-85.022
-81.527
-77.988
-74.427
-70.863
-67.317
-63.811
-60.362
-56.991
-53.717
-50.563
-47.549
-44.697
-42.023
-39.542
-37.269
-35.218
-33.401
-31.825
-30.49
-29.399
-28.561
-27.986
-27.697
-27.707
-28.015
-28.627
-29.545
-30.771
-32.312
-34.156
-36.267
-38.614
-41.166
-43.898
-46.807
-49.857
-52.984
-56.134
-59.256
-62.343
-65.453
-68.616
-71.82
-75.101
-78.511
-82.091
-85.895
-89.851
-93.748
-97.414
-100.71
-103.508
-105.735
-107.369
-108.451
-109.172
-109.841
-110.748
-112.169
-114.308
-117.251
-121.026
-125.492
-130.559
-136.385
-143.073
-150.673
-158.712
-165.989
-171.436
-174.501
-175.613
-175.967
-176.616
-177.793
-178.56
-177.398
-171.837
-158.992
-136.063
-99.768
-48.304
19.057
102.958
203.215
319.965
450.951
587.827
715.53
812.948
859.408
842.826
763.732
635.051
475.864
303.48
130.061
-36.146
-187.294
-312.78
-401.317
-446.773
-451.195
-425.476
-384.804
-340.807
-299.475
-261.241
-223.832
-187.704
-155.329
-129.64
-112.75
-103.138
-97.88
-94.436
-91.32
-89.696
-90.978
-96.148
-105.105
-115.021
-122.94
-126.253
-123.362
-116.283
-108.382
-102.56
-101.382
-104.321
-108.369
-111.394
-111.247
-107.251
-101.529
-95.496
-90.373
-87.215
-85.078
-83.291
-81.713
-79.943
-78.254
-76.829
-75.344
-73.614
-71.511
-68.936
-65.962
-62.699
-59.201
-55.538
-51.819
-48.112
-44.441
-40.81
-37.189
-33.533
-29.815
-26.012
-22.094
-18.048
-13.864
-9.53
-5.034
-0.363
4.504
9.582
14.885
20.424
26.208
32.241
38.522
45.047
51.808
58.799
66.012
73.439
81.07
88.892
96.886
105.034
113.315
121.702
130.167
138.678
147.202
155.706
164.155
172.513
180.741
188.804
196.661
204.274
211.605
218.615
225.265
231.518
237.337
242.689
247.538
251.855
255.609
258.774
261.325
263.242
264.507
265.104
265.022
264.252
262.789
260.633
257.784
254.25
250.039
245.164
239.642
233.494
226.741
219.412
211.534
203.141
194.267
184.949
175.225
165.137
154.727
144.038
133.115
122.003
110.749
99.398
87.995
76.587
65.218
53.931
42.769
31.772
20.979
10.427
0.151
-9.816
-19.445
-28.707
-37.578
-46.037
-54.062
-61.639
-68.754
-75.395
-81.556
-87.232
-92.421
-97.123
-101.342
-105.083
-108.357
-111.172
-113.542
-115.482
-117.008
-118.138
-118.894
-119.294
-119.362
-119.12
-118.593
-117.803
-116.775
-115.534
-114.103
-112.508
-110.771
-108.915
-106.964
-104.938
-102.858
-100.744
-98.615
-96.487
-94.378
-92.301
-90.271
-88.299
-86.397
-84.575
-82.84
-81.199
-79.658
-78.222
-76.894
-75.676
-74.569
-73.575
-72.691
-71.917
-71.251
-70.689
-70.229
-69.867
-69.598
-69.418
-69.322
-69.306
-69.363
-69.489
-69.679
-69.928
-70.231
-70.583
-70.98
-71.418
-71.892
-72.398
-72.933
-73.493
-74.075
-74.676
-75.294
-75.926
-76.569
-77.222
-77.881
-78.544
-79.209
-79.872
-80.532
-81.185
-81.827
-82.457
-83.071
-83.664
-84.235
-84.778
-85.289
-85.763
-86.197
-86.585
-86.922
-87.2
-87.416
-87.561
-87.632
-87.621
-87.522
-87.329
-87.035
-86.635
-86.123
-85.492
-84.737
-83.853
-82.835
-81.68
-80.383
-78.943
-77.357
-75.625
-73.747
-71.725
-69.561
-67.258
-64.82
-62.254
-59.566
-56.763
-53.855
-50.852
-47.767
-44.613
-41.408
-38.171
-34.92
-31.674
-28.456
-25.286
-22.185
-19.174
-16.268
-13.485
-10.843
-8.362
-6.059
-3.95
-2.047
-0.362
1.095
2.316
3.294
4.031
4.532
4.804
4.848
4.659
4.226
3.545
2.619
1.455
0.058
-1.566
-3.409
-5.454
-7.667
-10.009
-12.45
-14.966
-17.538
-20.142
-22.733
-25.237
-27.6
-29.798
-31.837
-33.766
-35.622
-37.425
-39.233
-41.155
-43.269
-45.602
-48.088
-50.518
-52.707
-54.526
-55.839
-56.52
-56.503
-55.764
-54.383
-52.635
-50.798
-49.074
-47.632
-46.607
-46.018
-46.109
-47.443
-50.284
-54.8
-60.556
-65.964
-69.921
-72.011
-72.508
-73.347
-75.83
-79.58
-83.52
-84.319
-78.009
-61.792
-32.715
10.615
68.264
141.195
230.521
337.666
462.898
600.791
738.052
854.262
926.158
936.115
878.8
762.351
604.869
426.571
243.626
67.471
-93.242
-229.327
-330.51
-389.412
-405.368
-386.046
-345.076
-295.988
-247.842
-203.903
-163.273
-125.294
-91.123
-62.909
-42.99
-30.903
-23.722
-18.705
-13.689
-9.21
-7.758
-11.132
-19.874
-31.523
-41.978
-47.645
-46.248
-39.167
-30.079
-22.615
-19.857
-22.275
-27.294
-31.633
-32.497
-27.912
-18.907
-8.726
0.262
5.78
7.233
6.889
6.231
6.365
8.234
10.943
13.921
17.21
20.535
24.166
28.332
32.844
37.6
42.484
47.373
52.26
57.17
62.124
67.14
72.261
77.532
82.976
88.611
94.445
100.47
106.694
113.13
119.793
126.697
133.858
141.281
148.97
156.929
165.153
173.634
182.362
191.319
200.489
209.857
219.406
229.117
238.965
248.924
258.966
269.058
279.166
289.252
299.276
309.196
318.97
328.556
337.911
346.992
355.752
364.149
372.143
379.695
386.767
393.318
399.304
404.686
409.435
413.515
416.882
419.497
421.326
422.344
422.553
421.945
420.492
418.206
415.151
411.35
406.786
401.477
395.371
388.601
381.616
374.384
366.528
357.466
346.026
332.23
317.352
302.635
289.831
279.22
269.209
258.575
246.027
231.284
215.617
199.856
184.549
169.94
155.585
141.284
127.109
113.084
99.323
85.893
72.764
59.949
47.491
35.423
23.766
12.545
1.786
-8.484
-18.236
-27.452
-36.127
-44.265
-51.863
-58.918
-65.436
-71.438
-76.945
-81.979
-86.557
-90.678
-94.354
-97.619
-100.478
-102.885
-104.852
-106.427
-107.625
-108.537
-109.077
-108.871
-108.02
-106.94
-106.254
-107.132
-109.582
-112.469
-114.632
-114.42
-111.707
-108.077
-104.752
-103.118
-103.258
-103.816
-104.368
-104.532
-104.688
-105.961
-107.873
-109.937
-111.47
-111.437
-110.676
-109.977
-109.859
-111.133
-113.208
-115.487
-117.83
-119.866
-121.794
-123.866
-126.02
-128.287
-130.642
-133.022
-135.452
-137.952
-140.504
-143.095
-145.721
-148.37
-151.03
-153.69
-156.335
-158.949
-161.524
-164.056
-166.533
-168.948
-171.29
-173.552
-175.726
-177.805
-179.781
-181.646
-183.392
-185.013
-186.501
-187.852
-189.058
-190.115
-191.018
-191.761
-192.34
-192.752
-192.992
-193.058
-192.945
-192.652
-192.178
-191.521
-190.682
-189.659
-188.454
-187.069
-185.505
-183.766
-181.857
-179.78
-177.542
-175.15
-172.612
-169.936
-167.132
-164.21
-161.185
-158.07
-154.883
-151.641
-148.361
-145.062
-141.763
-138.486
-135.248
-132.069
-128.965
-125.953
-123.052
-120.28
-117.656
-115.196
-112.914
-110.821
-108.93
-107.252
-105.792
-104.548
-103.52
-102.707
-102.114
-101.752
-101.629
-101.743
-102.092
-102.673
-103.473
-104.483
-105.681
-107.032
-108.51
-110.089
-111.745
-113.474
-115.25
-117.038
-118.807
-120.499
-122.058
-123.463
-124.697
-125.771
-126.759
-127.741
-128.797
-130.064
-131.664
-133.655
-136.049
-138.751
-141.554
-144.254
-146.697
-148.722
-150.142
-150.819
-150.69
-149.829
-148.442
-146.755
-144.897
-142.926
-141.164
-140.166
-140.392
-142.21
-145.256
-148.331
-150.511
-151.313
-151.141
-151.404
-153.27
-156.917
-161.205
-164.086
-162.606
-153.603
-134.734
-103.609
-58.792
-0.113
73.48
163.238
269.842
392.813
525.878
655.093
761.399
823.99
828.218
771.541
662.544
517.433
353.22
182.708
15.411
-139.737
-271.99
-369.629
-424.736
-437.528
-417.04
-377.454
-331.89
-288.066
-247.954
-210.364
-174.578
-141.858
-114.281
-93.298
-78.654
-68.616
-61.642
-57.32
-56.093
-58.677
-65.487
-75.4
-86.003
-94.777
-98.698
-96.424
-89.213
-79.402
-70.989
-66.858
-67.37
-71.491
-75.919
-77.997
-76.691
-71.799
-65.425
-59.39
-54.497
-51.408
-49.279
-47.346
-45.506
-43.486
-41.434
-39.428
-37.224
-34.701
-31.788
-28.459
-24.798
-20.898
-16.829
-12.675
-8.501
-4.336
-0.177
4
8.23
12.555
16.999
21.588
26.339
31.259
36.358
41.646
47.138
52.848
58.793
64.982
71.426
78.128
85.09
92.308
99.773
107.474
115.399
123.537
131.873
140.393
149.079
157.908
166.858
175.901
185.006
194.139
203.266
212.347
221.344
230.218
238.928
247.434
255.693
263.665
271.307
278.578
285.437
291.845
297.762
303.151
307.977
312.207
315.81
318.757
321.024
322.588
323.432
323.539
322.898
321.502
319.347
316.432
312.762
308.344
303.19
297.315
290.738
283.484
275.578
267.05
257.936
248.269
238.09
227.44
216.362
204.902
193.106
181.023
168.702
156.193
143.547
130.812
118.041
105.281
92.581
79.989
67.55
55.308
43.304
31.579
20.168
9.107
-1.573
-11.843
-21.678
-31.054
-39.953
-48.358
-56.256
-63.637
-70.495
-76.825
-82.627
-87.903
-92.66
-96.903
-100.645
-103.898
-106.676
-108.997
-110.879
-112.344
-113.413
-114.11
-114.457
-114.482
-114.208
-113.662
-112.87
-111.858
-110.651
-109.275
-107.755
-106.115
-104.377
-102.565
-100.699
-98.8
-96.887
-94.977
-93.088
-91.235
-89.43
-87.688
-86.019
-84.433
-82.938
-81.541
-80.248
-79.065
-77.993
-77.036
-76.196
-75.472
-74.864
-74.372
-73.994
-73.726
-73.567
-73.513
-73.559
-73.703
-73.94
-74.265
-74.674
-75.163
-75.726
-76.36
-77.059
-77.818
-78.633
-79.497
-80.407
-81.356
-82.339
-83.352
-84.388
-85.444
-86.513
-87.592
-88.673
-89.752
-90.824
-91.883
-92.923
-93.937
-94.92
-95.866
-96.768
-97.62
-98.416
-99.149
-99.812
-100.399
-100.904
-101.319
-101.638
-101.853
-101.958
-101.947
-101.815
-101.558
-101.169
-100.643
-99.978
-99.172
-98.221
-97.127
-95.889
-94.507
-92.983
-91.323
-89.532
-87.615
-85.58
-83.434
-81.187
-78.856
-76.456
-74.007
-71.526
-69.033
-66.548
-64.091
-61.682
-59.337
-57.071
-54.898
-52.836
-50.901
-49.109
-47.48
-46.027
-44.758
-43.674
-42.77
-42.037
-41.474
-41.083
-40.87
-40.84
-41.006
-41.385
-41.997
-42.852
-43.934
-45.19
-46.54
-47.942
-49.361
-50.772
-52.22
-53.75
-55.409
-57.373
-59.631
-62.07
-64.89
-68.059
-71.895
-76.795
-81.981
-86.839
-90.475
-91.899
-91.914
-91.25
-90.496
-90.531
-90.906
-91.199
-91.461
-91.445
-91.358
-91.454
-91.643
-91.929
-92.338
-92.826
-93.409
-94.168
-95.07
-96.291
-98.383
-101.724
-106.644
-112.848
-118.947
-123.962
-127.455
-129.637
-132.283
-136.382
-141.32
-146.029
-147.431
-141.874
-126.925
-99.524
-57.302
0.544
75.343
167.714
276.661
400.307
532.52
660.97
769.061
837.768
851.742
805.954
706.47
567.855
407.452
239.214
72.304
-85.953
-226.583
-338.469
-411.292
-440.67
-431.855
-397.596
-352.365
-307.144
-266.432
-229.428
-194.402
-161.615
-132.889
-110.844
-96.883
-89.256
-85.506
-83.457
-81.33
-79.803
-79.896
-81.97
-86.518
-92.152
-97.193
-100.465
-100.538
-98.263
-95.159
-92.529
-92.56
-94.761
-96.963
-97.522
-93.675
-85.149
-74.871
-64.983
-58.134
-55.56
-55.028
-55.033
-54.398
-52.054
-49.025
-45.884
-42.534
-39.256
-35.7
-31.604
-27.176
-22.478
-17.605
-12.725
-7.876
-3.05
1.74
6.525
11.351
16.254
21.254
26.376
31.629
37.014
42.541
48.222
54.07
60.101
66.332
72.774
79.438
86.331
93.455
100.809
108.387
116.181
124.18
132.377
140.764
149.327
158.052
166.92
175.91
184.999
194.16
203.361
212.57
221.751
230.869
239.887
248.767
257.47
265.956
274.184
282.116
289.71
296.927
303.726
310.069
315.919
321.239
325.997
330.16
333.698
336.583
338.793
340.306
341.103
341.172
340.499
339.078
336.906
333.981
330.309
325.897
320.755
314.899
308.349
301.127
293.259
284.775
275.707
266.091
255.965
245.369
234.347
222.942
211.201
199.17
186.9
174.438
161.835
149.14
136.403
123.673
110.997
98.424
85.999
73.765
61.764
50.037
38.62
27.55
16.857
6.572
-3.279
-12.672
-21.587
-30.007
-37.917
-45.306
-52.168
-58.496
-64.289
-69.548
-74.279
-78.487
-82.182
-85.376
-88.084
-90.322
-92.109
-93.465
-94.411
-94.972
-95.17
-95.033
-94.585
-93.854
-92.865
-91.647
-90.225
-88.626
-86.877
-85.002
-83.027
-80.975
-78.87
-76.732
-74.583
-72.441
-70.325
-68.251
-66.235
-64.291
-62.43
-60.664
-59.003
-57.454
-56.024
-54.719
-53.543
-52.498
-51.586
-50.809
-50.164
-49.651
-49.268
-49.011
-48.878
-48.863
-48.962
-49.171
-49.482
-49.892
-50.393
-50.979
-51.645
-52.384
-53.19
-54.057
-54.979
-55.951
-56.965
-58.017
-59.1
-60.208
-61.336
-62.479
-63.63
-64.784
-65.934
-67.077
-68.206
-69.317
-70.404
-71.463
-72.486
-73.471
-74.41
-75.3
-76.133
-76.905
-77.609
-78.239
-78.792
-79.26
-79.639
-79.922
-80.105
-80.182
-80.149
-80
-79.731
-79.336
-78.813
-78.157
-77.367
-76.44
-75.375
-74.172
-72.833
-71.358
-69.752
-68.017
-66.157
-64.178
-62.087
-59.891
-57.6
-55.224
-52.774
-50.265
-47.714
-45.14
-42.562
-39.998
-37.469
-34.995
-32.6
-30.3
-28.113
-26.056
-24.146
-22.403
-20.848
-19.495
-18.359
-17.452
-16.783
-16.363
-16.199
-16.289
-16.626
-17.205
-18.023
-19.084
-20.401
-21.977
-23.809
-25.891
-28.216
-30.777
-33.566
-36.562
-39.724
-43.014
-46.396
-49.841
-53.335
-56.853
-60.346
-63.752
-67.008
-70.082
-72.986
-75.753
-78.405
-80.97
-83.496
-86.078
-88.821
-91.765
-94.85
-97.91
-100.765
-103.281
-105.336
-106.791
-107.56
-107.6
-106.977
-105.962
-104.823
-103.751
-102.937
-102.505
-102.674
-103.896
-106.479
-110.514
-115.624
-120.77
-125.133
-128.285
-130.578
-133.137
-136.774
-141.56
-146.302
-149.017
-147.109
-137.574
-118.011
-86.133
-40.758
17.768
89.188
173.644
272.295
386.431
513.691
644.832
762.931
846.351
875.778
841.731
747.84
608.61
443.01
267.478
93.241
-71.649
-218.803
-337.555
-417.448
-453.38
-448.797
-415.448
-368.258
-318.996
-274.052
-234.108
-197.5
-164.491
-136.203
-114.447
-100.691
-93.057
-88.925
-86.368
-83.78
-82.368
-84.401
-90.68
-100.764
-111.547
-118.403
-118.213
-110.629
-99.036
-88.838
-84.447
-87.554
-95.673
-104.145
-109.226
-108.681
-103.317
-96.144
-89.355
-84.584
-82.165
-80.785
-79.637
-78.323
-76.73
-75.358
-74.409
-73.684
-72.89
-71.754
-70.175
-68.214
-65.97
-63.477
-60.699
-57.631
-54.342
-50.919
-47.438
-43.901
-40.271
-36.572
-32.926
-29.477
-26.27
-23.194
-20.046
-16.687
-13.022
-8.929
-4.207
1.401
8.032
15.601
23.873
32.664
41.855
51.346
60.998
70.604
80.027
89.302
98.577
107.978
117.556
127.314
137.248
147.398
157.782
168.341
178.968
189.551
200.015
210.315
220.414
230.251
239.771
248.938
257.682
265.937
273.686
280.88
287.464
293.465
298.643
302.769
306.1
308.696
311.055
313.776
316.162
317.745
317.842
315.516
311.6
306.802
301.614
296.848
291.956
286.392
280.055
272.626
264.344
255.507
246.106
236.219
225.872
215.061
203.87
192.376
180.623
168.659
156.541
144.321
132.049
119.774
107.543
95.397
83.387
71.561
59.961
48.629
37.603
26.918
16.609
6.707
-2.763
-11.777
-20.313
-28.356
-35.889
-42.904
-49.39
-55.346
-60.768
-65.658
-70.021
-73.863
-77.195
-80.029
-82.38
-84.263
-85.699
-86.707
-87.31
-87.531
-87.396
-86.928
-86.156
-85.104
-83.802
-82.275
-80.551
-78.657
-76.618
-74.462
-72.213
-69.895
-67.531
-65.143
-62.753
-60.38
-58.041
-55.755
-53.535
-51.397
-49.352
-47.411
-45.586
-43.883
-42.309
-40.87
-39.57
-38.413
-37.398
-36.528
-35.801
-35.216
-34.771
-34.462
-34.285
-34.237
-34.311
-34.503
-34.806
-35.216
-35.725
-36.327
-37.016
-37.785
-38.628
-39.54
-40.513
-41.544
-42.625
-43.753
-44.922
-46.128
-47.366
-48.632
-49.922
-51.231
-52.557
-53.895
-55.242
-56.594
-57.949
-59.304
-60.655
-61.999
-63.334
-64.655
-65.96
-67.246
-68.508
-69.742
-70.944
-72.11
-73.236
-74.317
-75.349
-76.327
-77.245
-78.098
-78.883
-79.592
-80.22
-80.762
-81.212
-81.565
-81.816
-81.962
-81.997
-81.918
-81.723
-81.409
-80.974
-80.418
-79.74
-78.941
-78.022
-76.985
-75.835
-74.576
-73.213
-71.755
-70.211
-68.594
-66.917
-65.194
-63.44
-61.67
-59.903
-58.156
-56.444
-54.782
-53.184
-51.665
-50.242
-48.932
-47.752
-46.714
-45.83
-45.11
-44.563
-44.198
-44.015
-44.009
-44.178
-44.518
-45.035
-45.744
-46.651
-47.755
-49.055
-50.541
-52.206
-54.039
-56.019
-58.108
-60.276
-62.489
-64.724
-66.974
-69.211
-71.412
-73.532
-75.5
-77.274
-78.844
-80.216
-81.44
-82.575
-83.665
-84.81
-86.168
-87.83
-89.853
-92.197
-94.675
-97.136
-99.463
-101.504
-103.12
-104.188
-104.577
-104.304
-103.58
-102.53
-101.263
-99.914
-98.493
-97.335
-97.157
-98.394
-101.324
-105.614
-109.835
-113.054
-115.068
-116.347
-118.87
-123.782
-130.32
-136.714
-139.21
-133.903
-118.507
-91.188
-51.389
0.728
66.173
146.643
244.428
360.987
493.056
629.996
753.438
840.539
871.322
836.025
738.312
593.126
420.012
236.281
54.313
-116.859
-268.004
-388.313
-468.068
-503.151
-498.331
-466.067
-420.878
-374.007
-330.738
-290.967
-253.795
-220.003
-191.371
-170.551
-157.774
-150.224
-145.402
-140.907
-136.558
-135.221
-138.691
-147.675
-160.964
-173.885
-182.214
-183.468
-176.939
-165.935
-154.77
-146.279
-142.416
-141.938
-142.077
-141.288
-138.235
-133.271
-128.011
-123.185
-119.395
-116.726
-114.482
-112.328
-110.107
-107.605
-104.855
-101.861
-98.479
-94.664
-90.429
-85.796
-80.87
-75.799
-70.679
-65.563
-60.49
-55.457
-50.455
-45.485
-40.526
-35.539
-30.486
-25.341
-20.088
-14.724
-9.241
-3.62
2.165
8.139
14.324
20.735
27.385
34.285
41.443
48.864
56.547
64.486
72.671
81.094
89.744
98.612
107.682
116.935
126.35
135.901
145.563
155.305
165.095
174.897
184.674
194.387
203.998
213.464
222.744
231.796
240.575
249.04
257.148
264.856
272.122
278.907
285.171
290.877
295.991
300.479
304.312
307.463
309.907
311.625
312.6
312.818
312.27
310.95
308.858
305.995
302.368
297.987
292.867
287.026
280.485
273.272
265.415
256.947
247.905
238.325
228.251
217.725
206.792
195.5
183.898
172.034
159.96
147.726
135.384
122.985
110.579
98.215
85.942
73.808
61.856
50.131
38.673
27.522
16.712
6.278
-3.751
-13.347
-22.485
-31.145
-39.309
-46.961
-54.092
-60.692
-66.757
-72.284
-77.275
-81.735
-85.669
-89.088
-92.004
-94.43
-96.385
-97.886
-98.954
-99.611
-99.881
-99.787
-99.356
-98.614
-97.588
-96.305
-94.791
-93.075
-91.183
-89.141
-86.975
-84.711
-82.372
-79.981
-77.561
-75.134
-72.717
-70.331
-67.992
-65.716
-63.517
-61.409
-59.403
-57.509
-55.736
-54.091
-52.58
-51.209
-49.981
-48.898
-47.962
-47.174
-46.533
-46.038
-45.686
-45.475
-45.402
-45.463
-45.652
-45.966
-46.398
-46.945
-47.6
-48.357
-49.21
-50.154
-51.181
-52.286
-53.461
-54.7
-55.996
-57.342
-58.731
-60.156
-61.61
-63.086
-64.577
-66.076
-67.574
-69.065
-70.542
-71.995
-73.418
-74.802
-76.138
-77.42
-78.638
-79.784
-80.852
-81.831
-82.716
-83.496
-84.165
-84.716
-85.139
-85.428
-85.576
-85.576
-85.424
-85.114
-84.641
-84.002
-83.193
-82.215
-81.066
-79.746
-78.257
-76.6
-74.781
-72.803
-70.673
-68.399
-65.989
-63.457
-60.817
-58.084
-55.275
-52.409
-49.504
-46.582
-43.662
-40.766
-37.91
-35.113
-32.393
-29.772
-27.27
-24.908
-22.701
-20.667
-18.818
-17.168
-15.73
-14.508
-13.501
-12.709
-12.132
-11.778
-11.663
-11.796
-12.178
-12.808
-13.681
-14.79
-16.131
-17.685
-19.422
-21.315
-23.332
-25.453
-27.67
-29.957
-32.287
-34.615
-36.861
-38.985
-40.98
-42.85
-44.643
-46.417
-48.202
-50.087
-52.218
-54.66
-57.432
-60.468
-63.549
-66.491
-69.169
-71.436
-73.156
-74.24
-74.617
-74.319
-73.578
-72.63
-71.655
-70.79
-70.131
-69.734
-69.916
-71.315
-74.281
-79.033
-85.171
-91.242
-96.227
-99.532
-101.084
-102.327
-104.017
-105.806
-106.886
-103.965
-93.377
-72.271
-37.561
11.454
74.453
152.248
245.6
355.802
481.863
615.658
741.445
838.06
884.777
870.012
795.214
672.621
520.029
353.209
182.676
16.686
-135.888
-263.362
-353.285
-398.721
-401.649
-372.932
-327.704
-278.618
-232.949
-192.179
-155.124
-121.99
-93.809
-72.227
-58.355
-50.305
-45.755
-43.017
-40.646
-39.385
-40.317
-43.639
-49.49
-56.426
-62.065
-64.463
-62.237
-56.395
-50.245
-47.079
-49.319
-56.341
-64.391
-70.031
-70.771
-66.585
-60.218
-53.899
-49.198
-46.526
-44.713
-43.026
-41.099
-38.876
-36.907
-35.408
-34.303
-33.428
-32.401
-31.013
-29.262
-27.155
-24.759
-22.128
-19.269
-16.234
-13.108
-9.93
-6.71
-3.425
-0.02
3.542
7.275
11.199
15.329
19.682
24.279
29.131
34.248
39.638
45.307
51.265
57.517
64.067
70.91
78.039
85.441
93.107
101.025
109.182
117.563
126.151
134.924
143.859
152.929
162.104
171.351
180.634
189.914
199.152
208.308
217.341
226.21
234.873
243.287
251.411
259.202
266.62
273.623
280.172
286.229
291.757
296.724
301.098
304.849
307.951
310.382
312.121
313.153
313.463
313.044
311.89
309.998
307.371
304.016
299.941
295.16
289.691
283.555
276.777
269.385
261.411
252.888
243.854
234.347
224.41
214.086
203.42
192.457
181.247
169.836
158.273
146.608
134.888
123.162
111.476
99.877
88.41
77.116
66.039
55.215
44.682
34.475
24.623
15.157
6.102
-2.519
-10.687
-18.385
-25.6
-32.321
-38.541
-44.256
-49.466
-54.172
-58.379
-62.095
-65.33
-68.096
-70.408
-72.284
-73.741
-74.802
-75.487
-75.819
-75.825
-75.528
-74.955
-74.131
-73.084
-71.841
-70.426
-68.867
-67.189
-65.417
-63.575
-61.685
-59.77
-57.85
-55.945
-54.073
-52.25
-50.491
-48.811
-47.22
-45.73
-44.348
-43.084
-41.942
-40.926
-40.041
-39.287
-38.665
-38.175
-37.814
-37.58
-37.469
-37.477
-37.598
-37.826
-38.157
-38.581
-39.094
-39.687
-40.354
-41.087
-41.879
-42.723
-43.613
-44.541
-45.502
-46.49
-47.499
-48.524
-49.561
-50.605
-51.654
-52.704
-53.752
-54.797
-55.837
-56.87
-57.895
-58.911
-59.918
-60.914
-61.9
-62.874
-63.836
-64.786
-65.724
-66.649
-67.56
-68.456
-69.335
-70.197
-71.039
-71.859
-72.655
-73.422
-74.156
-74.856
-75.515
-76.131
-76.698
-77.21
-77.663
-78.051
-78.368
-78.608
-78.764
-78.832
-78.803
-78.674
-78.438
-78.092
-77.629
-77.047
-76.341
-75.511
-74.553
-73.468
-72.254
-70.914
-69.45
-67.865
-66.165
-64.355
-62.442
-60.438
-58.354
-56.205
-54.006
-51.773
-49.522
-47.274
-45.047
-42.858
-40.725
-38.664
-36.692
-34.828
-33.092
-31.504
-30.077
-28.826
-27.764
-26.902
-26.252
-25.818
-25.598
-25.592
-25.799
-26.226
-26.889
-27.794
-28.94
-30.327
-31.945
-33.787
-35.845
-38.099
-40.52
-43.077
-45.74
-48.486
-51.306
-54.174
-57.06
-59.917
-62.664
-65.261
-67.705
-70
-72.199
-74.356
-76.505
-78.732
-81.183
-83.919
-86.96
-90.229
-93.507
-96.626
-99.473
-101.918
-103.848
-105.172
-105.81
-105.83
-105.483
-104.938
-104.326
-103.736
-103.14
-102.767
-103.134
-104.642
-107.57
-111.646
-115.785
-119.021
-120.836
-121.523
-122.285
-124.273
-127.724
-131.644
-134.28
-132.718
-123.684
-104.307
-71.31
-22.901
41.235
121.548
217.838
329.866
456.145
589.666
716.618
817.88
873.01
868.503
803.011
686.385
536.065
369.362
198.481
32.235
-121.736
-253.819
-352.493
-409.921
-425.777
-408.275
-371.323
-327.684
-284.856
-244.705
-205.732
-167.826
-133.471
-105.885
-87.828
-78.48
-74.15
-71.87
-69.254
-66.447
-65.585
-67.461
-72.515
-79.625
-86.235
-90.668
-91.42
-88.803
-84.891
-81.423
-80.226
-81.393
-83.224
-84.491
-83.995
-81.432
-77.764
-73.598
-69.444
-65.703
-62.244
-59.008
-56.037
-53.354
-51.03
-49.063
-47.313
-45.518
-43.453
-41.022
-38.197
-35.027
-31.6
-27.958
-24.156
-20.298
-16.437
-12.598
-8.786
-4.956
-1.06
2.925
7.022
11.252
15.626
20.157
24.865
29.757
34.848
40.155
45.689
51.461
57.483
63.757
70.284
77.06
84.075
91.321
98.793
106.481
114.375
122.462
130.725
139.144
147.699
156.363
165.108
173.9
182.705
191.489
200.214
208.845
217.341
225.665
233.776
241.635
249.201
256.435
263.296
269.745
275.745
281.26
286.253
290.694
294.55
297.795
300.402
302.349
303.617
304.189
304.054
303.201
301.624
299.323
296.297
292.553
288.1
282.951
277.121
270.632
263.507
255.773
247.461
238.603
229.234
219.394
209.122
198.46
187.451
176.142
164.578
152.807
140.876
128.833
116.725
104.601
92.507
80.487
68.588
56.85
45.315
34.022
23.007
12.306
1.949
-8.035
-17.618
-26.779
-35.495
-43.751
-51.531
-58.824
-65.624
-71.923
-77.722
-83.019
-87.82
-92.13
-95.958
-99.317
-102.219
-104.681
-106.72
-108.357
-109.612
-110.508
-111.069
-111.32
-111.287
-110.994
-110.469
-109.738
-108.827
-107.763
-106.57
-105.273
-103.898
-102.467
-101.003
-99.527
-98.059
-96.617
-95.22
-93.881
-92.618
-91.441
-90.362
-89.392
-88.538
-87.808
-87.207
-86.739
-86.407
-86.211
-86.154
-86.232
-86.444
-86.787
-87.257
-87.849
-88.559
-89.379
-90.303
-91.325
-92.438
-93.634
-94.906
-96.246
-97.647
-99.102
-100.603
-102.144
-103.719
-105.32
-106.943
-108.582
-110.231
-111.887
-113.544
-115.2
-116.85
-118.493
-120.124
-121.742
-123.346
-124.932
-126.502
-128.052
-129.584
-131.096
-132.587
-134.057
-135.506
-136.932
-138.336
-139.716
-141.07
-142.398
-143.698
-144.969
-146.207
-147.411
-148.578
-149.704
-150.786
-151.82
-152.802
-153.726
-154.587
-155.38
-156.099
-156.739
-157.294
-157.758
-158.124
-158.388
-158.542
-158.581
-158.498
-158.288
-157.945
-157.464
-156.84
-156.07
-155.15
-154.077
-152.85
-151.467
-149.928
-148.235
-146.389
-144.393
-142.25
-139.967
-137.549
-135.005
-132.344
-129.577
-126.716
-123.778
-120.778
-117.736
-114.669
-111.597
-108.541
-105.521
-102.559
-99.671
-96.878
-94.198
-91.651
-89.259
-87.041
-85.013
-83.191
-81.587
-80.213
-79.079
-78.19
-77.544
-77.14
-76.976
-77.057
-77.396
-77.998
-78.863
-79.987
-81.361
-82.976
-84.82
-86.874
-89.107
-91.489
-93.987
-96.575
-99.239
-101.957
-104.7
-107.422
-110.047
-112.53
-114.855
-117.027
-119.09
-121.09
-123.055
-125.064
-127.249
-129.689
-132.409
-135.346
-138.306
-141.134
-143.723
-145.942
-147.671
-148.817
-149.314
-149.236
-148.816
-148.203
-147.505
-146.818
-146.14
-145.682
-145.888
-147.067
-149.458
-152.849
-156.288
-158.912
-160.16
-160.273
-160.418
-161.803
-164.963
-169.019
-172.196
-171.62
-163.772
-145.726
-114.384
-67.91
-6.177
71.018
163.746
272.597
397.754
534.807
672.037
790.357
866.988
883.483
832.987
722.467
569.542
394.798
214.962
40.981
-119.931
-259.861
-368.955
-438.397
-464.363
-451.988
-413.832
-363.99
-313.824
-268.426
-227.387
-189.811
-155.932
-127.227
-106.313
-93.233
-85.479
-80.695
-76.313
-72.224
-70.316
-71.644
-77.231
-85.514
-93.374
-98.386
-97.845
-92.26
-84.646
-77.75
-74.956
-77.17
-81.9
-86.483
-88.135
-84.992
-78.288
-70.265
-62.703
-57.32
-54.116
-51.842
-49.841
-47.63
-45.124
-42.8
-40.729
-38.628
-36.291
-33.551
-30.357
-26.828
-23.082
-19.151
-15.096
-11.021
-6.976
-2.978
0.971
4.928
8.95
13.056
17.27
21.618
26.108
30.758
35.588
40.608
45.837
51.293
56.991
62.945
69.169
75.668
82.444
89.495
96.812
104.39
112.221
120.299
128.614
137.155
145.903
154.841
163.947
173.196
182.557
191.998
201.483
210.975
220.439
229.834
239.121
248.259
257.205
265.918
274.355
282.473
290.23
297.585
304.495
310.921
316.826
322.173
326.928
331.059
334.538
337.339
339.439
340.819
341.463
341.358
340.495
338.871
336.483
333.334
329.432
324.786
319.413
313.329
306.558
299.126
291.061
282.396
273.167
263.411
253.169
242.483
231.397
219.959
208.215
196.214
184.007
171.642
159.17
146.64
134.104
121.607
109.2
96.926
84.831
72.958
61.346
50.033
39.057
28.449
18.239
8.456
-0.876
-9.737
-18.107
-25.972
-33.32
-40.142
-46.432
-52.189
-57.411
-62.103
-66.271
-69.923
-73.07
-75.726
-77.907
-79.629
-80.913
-81.78
-82.251
-82.352
-82.105
-81.537
-80.673
-79.54
-78.163
-76.57
-74.785
-72.835
-70.746
-68.54
-66.242
-63.876
-61.461
-59.02
-56.571
-54.132
-51.721
-49.353
-47.042
-44.802
-42.642
-40.573
-38.605
-36.744
-34.997
-33.369
-31.863
-30.483
-29.23
-28.106
-27.109
-26.24
-25.496
-24.877
-24.379
-23.999
-23.734
-23.581
-23.535
-23.594
-23.752
-24.006
-24.352
-24.786
-25.304
-25.902
-26.576
-27.323
-28.139
-29.021
-29.965
-30.97
-32.03
-33.145
-34.309
-35.521
-36.776
-38.071
-39.403
-40.768
-42.161
-43.578
-45.016
-46.469
-47.933
-49.402
-50.871
-52.334
-53.785
-55.216
-56.621
-57.993
-59.322
-60.602
-61.824
-62.981
-64.063
-65.063
-65.972
-66.782
-67.484
-68.071
-68.533
-68.864
-69.056
-69.102
-68.998
-68.738
-68.316
-67.73
-66.979
-66.06
-64.974
-63.723
-62.307
-60.731
-58.999
-57.117
-55.093
-52.934
-50.653
-48.262
-45.776
-43.214
-40.594
-37.933
-35.253
-32.574
-29.919
-27.305
-24.752
-22.278
-19.9
-17.639
-15.518
-13.553
-11.759
-10.15
-8.738
-7.535
-6.551
-5.787
-5.24
-4.906
-4.785
-4.883
-5.215
-5.785
-6.59
-7.625
-8.887
-10.369
-12.067
-13.967
-16.034
-18.234
-20.535
-22.915
-25.361
-27.852
-30.343
-32.771
-35.079
-37.245
-39.282
-41.231
-43.114
-44.945
-46.769
-48.675
-50.746
-53.01
-55.401
-57.75
-59.902
-61.774
-63.267
-64.294
-64.82
-64.825
-64.385
-63.73
-63.062
-62.491
-62.129
-62.006
-62.055
-62.434
-63.494
-65.525
-68.896
-73.447
-78.145
-82.01
-84.189
-84.616
-84.667
-85.728
-88.714
-93.445
-97.582
-97.356
-88.545
-67.176
-30.891
20.497
86.678
167.743
264.797
379.837
511.156
649.89
779.093
875.182
916.365
890.868
800.52
660.263
490.752
310.194
131.392
-37.162
-187.461
-309.14
-391.836
-430.336
-427.693
-395.371
-348.209
-297.783
-250.573
-207.588
-167.565
-131.343
-100.384
-76.575
-61.24
-52.432
-47.677
-44.876
-42.393
-41.106
-42.577
-47.95
-57.288
-68.117
-76.73
-79.711
-75.801
-67.212
-58.32
-53.221
-53.962
-59.593
-66.402
-71.013
-71.442
-66.819
-59.067
-50.679
-43.161
-38.245
-35.902
-34.583
-33.576
-32.084
-29.636
-27.043
-24.585
-22.098
-19.714
-17.118
-14.099
-10.83
-7.333
-3.633
0.156
3.981
7.827
11.666
15.512
19.437
23.476
27.637
31.94
36.393
41.004
45.799
50.797
56.006
61.437
67.101
73.007
79.166
85.584
92.26
99.188
106.358
113.762
121.391
129.236
137.286
145.527
153.94
162.505
171.2
179.999
188.87
197.781
206.696
215.578
224.39
233.093
241.648
250.014
258.151
266.018
273.574
280.779
287.59
293.969
299.877
305.276
310.131
314.408
318.076
321.106
323.472
325.152
326.125
326.375
325.89
324.659
322.676
319.94
316.452
312.218
307.246
301.55
295.147
288.058
280.305
271.919
262.927
253.365
243.269
232.677
221.63
210.172
198.347
186.201
173.782
161.139
148.321
135.378
122.359
109.313
96.289
83.334
70.496
57.819
45.347
33.12
21.179
9.559
-1.703
-12.578
-23.035
-33.048
-42.595
-51.654
-60.21
-68.247
-75.756
-82.728
-89.159
-95.047
-100.393
-105.202
-109.479
-113.234
-116.479
-119.228
-121.497
-123.305
-124.672
-125.619
-126.169
-126.348
-126.179
-125.689
-124.904
-123.852
-122.558
-121.051
-119.357
-117.501
-115.512
-113.412
-111.228
-108.982
-106.697
-104.394
-102.093
-99.814
-97.574
-95.388
-93.273
-91.241
-89.304
-87.474
-85.758
-84.164
-82.7
-81.368
-80.174
-79.119
-78.203
-77.428
-76.792
-76.292
-75.927
-75.692
-75.583
-75.596
-75.724
-75.962
-76.304
-76.743
-77.272
-77.885
-78.574
-79.332
-80.153
-81.028
-81.953
-82.918
-83.917
-84.943
-85.99
-87.049
-88.116
-89.182
-90.242
-91.289
-92.318
-93.324
-94.3
-95.242
-96.144
-97.001
-97.809
-98.563
-99.257
-99.885
-100.444
-100.929
-101.336
-101.659
-101.896
-102.04
-102.088
-102.036
-101.882
-101.619
-101.245
-100.756
-100.148
-99.422
-98.573
-97.603
-96.509
-95.291
-93.951
-92.489
-90.909
-89.213
-87.405
-85.487
-83.466
-81.35
-79.145
-76.861
-74.508
-72.098
-69.643
-67.161
-64.669
-62.184
-59.727
-57.316
-54.969
-52.704
-50.535
-48.476
-46.545
-44.754
-43.116
-41.642
-40.34
-39.22
-38.295
-37.57
-37.043
-36.704
-36.535
-36.525
-36.678
-37.005
-37.521
-38.23
-39.121
-40.197
-41.481
-42.979
-44.669
-46.483
-48.322
-50.136
-51.945
-53.788
-55.677
-57.601
-59.568
-61.668
-64.035
-66.744
-69.766
-72.96
-76.213
-79.479
-82.707
-85.759
-88.429
-90.511
-91.873
-92.565
-92.636
-92.074
-90.908
-89.252
-87.307
-85.371
-83.743
-82.52
-81.745
-81.515
-81.799
-82.723
-84.602
-87.525
-91.593
-96.529
-101.377
-105.395
-108.231
-110.395
-113.268
-118.119
-125.495
-134.405
-142.95
-148.379
-147.067
-136.029
-112.194
-73.453
-20.029
47.827
129.713
225.761
337.375
462.612
593.206
713.891
803.619
842.853
821.472
741.516
615.511
460.948
292.685
120.881
-45.624
-197.212
-321.403
-405.582
-444.299
-441.365
-409.147
-363.451
-315.755
-271.579
-230.96
-192.247
-156.43
-125.901
-103.644
-90.736
-84.564
-81.573
-78.351
-73.615
-69.199
-67.447
-70.375
-78.061
-87.459
-95.001
-97.552
-93.576
-85.25
-76.05
-69.096
-66.742
-68.167
-70.895
-72.967
-72.664
-70.032
-66.409
-62.549
-59.13
-56.29
-53.536
-50.82
-48.217
-45.736
-43.526
-41.535
-39.536
-37.412
-35.084
-32.459
-29.535
-26.346
-22.921
-19.342
-15.705
-12.052
-8.396
-4.746
-1.078
2.637
6.426
10.326
14.373
18.586
22.978
27.564
32.356
37.37
42.624
48.135
53.914
59.971
66.312
72.939
79.849
87.035
94.485
102.191
110.14
118.318
126.712
135.302
144.068
152.986
162.029
171.167
180.364
189.586
198.794
207.949
217.012
225.943
234.698
243.235
251.513
259.489
267.12
274.363
281.178
287.524
293.362
298.655
303.369
307.47
310.929
313.719
315.815
317.197
317.848
317.754
316.905
315.294
312.919
309.783
305.889
301.248
295.872
289.779
282.989
275.528
267.423
258.706
249.41
239.574
229.236
218.44
207.228
195.648
183.745
171.57
159.17
146.597
133.901
121.132
108.339
95.572
82.879
70.307
57.9
45.702
33.754
22.095
10.762
-0.213
-10.797
-20.962
-30.684
-39.94
-48.712
-56.984
-64.744
-71.981
-78.691
-84.871
-90.521
-95.643
-100.244
-104.333
-107.921
-111.023
-113.653
-115.831
-117.577
-118.912
-119.86
-120.446
-120.695
-120.635
-120.291
-119.691
-118.864
-117.836
-116.636
-115.289
-113.824
-112.266
-110.638
-108.966
-107.273
-105.578
-103.904
-102.267
-100.686
-99.176
-97.752
-96.425
-95.206
-94.105
-93.129
-92.285
-91.575
-91.004
-90.573
-90.282
-90.13
-90.113
-90.23
-90.475
-90.842
-91.327
-91.921
-92.618
-93.408
-94.284
-95.237
-96.258
-97.338
-98.468
-99.639
-100.842
-102.069
-103.311
-104.562
-105.813
-107.057
-108.288
-109.5
-110.687
-111.846
-112.971
-114.058
-115.106
-116.112
-117.074
-117.989
-118.858
-119.678
-120.45
-121.174
-121.849
-122.475
-123.054
-123.585
-124.069
-124.508
-124.902
-125.252
-125.558
-125.821
-126.041
-126.217
-126.351
-126.439
-126.482
-126.478
-126.426
-126.325
-126.172
-125.965
-125.702
-125.379
-124.995
-124.546
-124.028
-123.438
-122.772
-122.026
-121.199
-120.288
-119.288
-118.2
-117.021
-115.75
-114.388
-112.935
-111.39
-109.756
-108.034
-106.229
-104.343
-102.384
-100.357
-98.271
-96.139
-93.972
-91.785
-89.591
-87.406
-85.245
-83.124
-81.058
-79.06
-77.143
-75.321
-73.61
-72.027
-70.584
-69.294
-68.166
-67.209
-66.432
-65.841
-65.436
-65.211
-65.163
-65.291
-65.6
-66.105
-66.812
-67.717
-68.819
-70.113
-71.595
-73.26
-75.095
-77.063
-79.134
-81.276
-83.467
-85.697
-87.946
-90.171
-92.31
-94.306
-96.135
-97.815
-99.385
-100.872
-102.293
-103.695
-105.18
-106.847
-108.732
-110.788
-112.846
-114.745
-116.406
-117.732
-118.608
-118.989
-118.819
-118.121
-117.131
-116.079
-115.063
-114.199
-113.57
-113.1
-113.047
-113.965
-116.085
-119.643
-124.357
-128.788
-131.896
-133.344
-133.362
-133.839
-136.318
-140.557
-145.483
-147.996
-144.047
-130.665
-104.851
-64.711
-9.886
60.242
146.101
248.253
367.096
499.541
636.377
761.414
853.535
893.091
869.467
784.916
653.156
493.394
322.545
151.878
-11.061
-159.009
-281.797
-368.244
-412.144
-415.412
-388.737
-347.156
-302.247
-259.861
-220.366
-181.31
-143.108
-108.751
-81.492
-64.088
-55.473
-51.759
-49.898
-47.698
-45.239
-44.847
-47.847
-54.115
-62.165
-68.872
-71.656
-69.882
-64.692
-58.635
-54.216
-52.617
-53.23
-54.363
-54.536
-52.714
-49.006
-44.412
-39.648
-35.404
-31.969
-29.017
-26.402
-24.059
-21.919
-20.047
-18.376
-16.642
-14.635
-12.249
-9.444
-6.268
-2.807
0.878
4.718
8.617
12.511
16.378
20.214
24.048
27.919
31.858
35.892
40.046
44.334
48.765
53.352
58.105
63.039
68.17
73.513
79.08
84.879
90.916
97.193
103.708
110.454
117.419
124.596
131.974
139.543
147.29
155.198
163.247
171.416
179.68
188.012
196.38
204.753
213.095
221.37
229.545
237.581
245.441
253.087
260.481
267.584
274.358
280.767
286.772
292.339
297.434
302.022
306.076
309.564
312.463
314.747
316.397
317.395
317.727
317.381
316.35
314.629
312.217
309.117
305.335
300.88
295.766
290.008
283.626
276.644
269.087
260.985
252.369
243.273
233.734
223.788
213.477
202.841
191.922
180.765
169.413
157.911
146.304
134.635
122.95
111.291
99.7
88.218
76.886
65.74
54.817
44.15
33.771
23.709
13.991
4.642
-4.317
-12.868
-20.992
-28.678
-35.915
-42.694
-49.009
-54.859
-60.243
-65.164
-69.625
-73.635
-77.202
-80.336
-83.052
-85.364
-87.287
-88.84
-90.041
-90.909
-91.466
-91.732
-91.73
-91.48
-91.005
-90.327
-89.468
-88.448
-87.29
-86.014
-84.639
-83.185
-81.671
-80.113
-78.528
-76.933
-75.34
-73.764
-72.217
-70.71
-69.253
-67.856
-66.525
-65.268
-64.09
-62.997
-61.992
-61.079
-60.259
-59.534
-58.905
-58.371
-57.932
-57.587
-57.335
-57.173
-57.099
-57.11
-57.205
-57.379
-57.629
-57.952
-58.343
-58.798
-59.314
-59.885
-60.508
-61.178
-61.889
-62.639
-63.422
-64.234
-65.07
-65.926
-66.797
-67.678
-68.564
-69.451
-70.333
-71.205
-72.063
-72.901
-73.716
-74.501
-75.253
-75.965
-76.634
-77.254
-77.821
-78.331
-78.777
-79.157
-79.466
-79.702
-79.862
-79.943
-79.943
-79.863
-79.701
-79.458
-79.135
-78.733
-78.255
-77.704
-77.083
-76.399
-75.657
-74.865
-74.032
-73.169
-72.291
-71.409
-70.538
-69.691
-68.885
-68.135
-67.453
-66.85
-66.339
-65.932
-65.643
-65.485
-65.468
-65.603
-65.895
-66.35
-66.973
-67.765
-68.725
-69.842
-71.109
-72.521
-74.081
-75.799
-77.678
-79.716
-81.905
-84.239
-86.708
-89.306
-92.016
-94.8
-97.623
-100.451
-103.256
-106.025
-108.739
-111.357
-113.816
-116.06
-118.057
-119.82
-121.395
-122.81
-124.088
-125.278
-126.473
-127.769
-129.211
-130.745
-132.203
-133.433
-134.332
-134.792
-134.718
-134.06
-132.799
-131.044
-129.051
-127.009
-125.039
-123.261
-121.682
-120.474
-120.072
-120.756
-122.716
-125.661
-128.431
-130.02
-129.928
-128.637
-127.868
-129.348
-133.677
-139.687
-144.901
-145.713
-138.502
-120.767
-90.199
-45.701
12.897
86.521
176.289
283.65
408.653
545.987
682.848
799.405
873.563
888.461
838.665
731.978
584.883
415.588
239.006
65.166
-97.527
-238.623
-346.629
-412.354
-433.208
-416.49
-375.894
-325.367
-275.345
-229.646
-187.506
-148.523
-113.606
-85.198
-66.082
-56.051
-52.159
-50.706
-48.695
-45.739
-43.739
-45.284
-51.491
-60.801
-70.086
-75.115
-73.225
-65.244
-54.1
-44.399
-39.977
-41.691
-47.599
-53.814
-56.854
-54.749
-48.13
-39.722
-31.772
-25.958
-22.5
-20.027
-17.697
-15.111
-12.194
-9.431
-6.932
-4.399
-1.619
1.559
5.18
9.133
13.313
17.689
22.206
26.76
31.298
35.804
40.28
44.777
49.347
54.005
58.773
63.675
68.717
73.916
79.29
84.848
90.604
96.574
102.77
109.202
115.881
122.807
129.979
137.39
145.029
152.885
160.948
169.207
177.648
186.254
195.005
203.878
212.847
221.885
230.958
240.031
249.064
258.021
266.862
275.546
284.032
292.277
300.241
307.88
315.153
322.018
328.433
334.359
339.757
344.591
348.826
352.429
355.372
357.627
359.171
359.984
360.049
359.354
357.889
355.65
352.634
348.844
344.288
338.975
332.92
326.141
318.661
310.506
301.707
292.295
282.307
271.782
260.762
249.29
237.413
225.177
212.631
199.827
186.813
173.643
160.368
147.039
133.707
120.422
107.233
94.188
81.333
68.711
56.364
44.331
32.649
21.352
10.471
0.034
-9.934
-19.412
-28.381
-36.825
-44.733
-52.095
-58.907
-65.165
-70.87
-76.027
-80.64
-84.719
-88.276
-91.324
-93.88
-95.963
-97.591
-98.788
-99.576
-99.981
-100.027
-99.741
-99.151
-98.284
-97.168
-95.831
-94.301
-92.606
-90.772
-88.827
-86.795
-84.703
-82.573
-80.43
-78.295
-76.188
-74.13
-72.138
-70.23
-68.422
-66.727
-65.158
-63.727
-62.445
-61.319
-60.358
-59.567
-58.951
-58.515
-58.259
-58.187
-58.296
-58.587
-59.057
-59.701
-60.516
-61.497
-62.636
-63.927
-65.362
-66.932
-68.628
-70.44
-72.358
-74.372
-76.469
-78.637
-80.866
-83.142
-85.452
-87.782
-90.118
-92.448
-94.759
-97.035
-99.264
-101.432
-103.526
-105.533
-107.44
-109.235
-110.906
-112.44
-113.829
-115.061
-116.13
-117.025
-117.742
-118.272
-118.614
-118.762
-118.717
-118.475
-118.038
-117.407
-116.587
-115.582
-114.399
-113.044
-111.529
-109.865
-108.069
-106.158
-104.15
-102.064
-99.92
-97.741
-95.549
-93.366
-91.209
-89.097
-87.05
-85.089
-83.237
-81.514
-79.936
-78.518
-77.276
-76.224
-75.373
-74.728
-74.288
-74.052
-74.022
-74.208
-74.626
-75.285
-76.187
-77.332
-78.715
-80.329
-82.165
-84.2
-86.401
-88.732
-91.163
-93.67
-96.237
-98.835
-101.433
-103.977
-106.396
-108.646
-110.712
-112.601
-114.367
-116.079
-117.784
-119.584
-121.626
-123.991
-126.704
-129.695
-132.752
-135.658
-138.268
-140.427
-141.955
-142.735
-142.694
-141.89
-140.554
-138.936
-137.214
-135.483
-134.012
-133.352
-134
-136.344
-140.141
-144.046
-146.857
-148.227
-148.559
-149.694
-153.457
-159.456
-166.053
-170.424
-168.533
-157.934
-137.102
-104.33
-59.148
-0.689
73.019
163.68
272.542
398.407
533.826
664.143
769.706
830.233
832.261
774.121
664.955
520.551
357.004
186.634
18.945
-136.416
-267.799
-363.244
-415.172
-424.514
-401.127
-359.498
-312.468
-267.466
-226.223
-187.409
-151.084
-119.34
-94.699
-79.264
-71.75
-68.552
-66.906
-64.474
-61.547
-60.25
-61.386
-65.633
-71.896
-77.513
-80.941
-80.651
-76.869
-71.929
-67.663
-65.98
-67.301
-69.847
-72.138
-72.855
-71.472
-68.845
-65.575
-62.056
-58.543
-54.889
-51.155
-47.487
-43.996
-40.86
-38.111
-35.693
-33.482
-31.229
-28.744
-25.942
-22.795
-19.346
-15.649
-11.722
-7.616
-3.413
0.836
5.105
9.403
13.778
18.267
22.883
27.645
32.568
37.664
42.952
48.444
54.145
60.062
66.202
72.57
79.174
86.013
93.083
100.376
107.879
115.579
123.464
131.521
139.735
148.088
156.559
165.126
173.762
182.441
191.127
199.788
208.384
216.877
225.229
233.4
241.35
249.038
256.422
263.462
270.118
276.348
282.115
287.378
292.101
296.25
299.791
302.695
304.932
306.479
307.313
307.416
306.775
305.376
303.213
300.281
296.582
292.119
286.901
280.939
274.25
266.853
258.773
250.037
240.676
230.726
220.222
209.207
197.722
185.812
173.525
160.91
148.017
134.896
121.601
108.184
94.697
81.193
67.725
54.342
41.094
28.031
15.199
2.642
-9.598
-21.482
-32.971
-44.032
-54.634
-64.75
-74.353
-83.424
-91.944
-99.9
-107.278
-114.074
-120.281
-125.9
-130.932
-135.384
-139.263
-142.581
-145.352
-147.594
-149.323
-150.562
-151.334
-151.663
-151.576
-151.1
-150.263
-149.095
-147.626
-145.886
-143.905
-141.714
-139.343
-136.822
-134.179
-131.443
-128.641
-125.8
-122.944
-120.097
-117.282
-114.521
-111.831
-109.231
-106.737
-104.363
-102.123
-100.027
-98.085
-96.305
-94.693
-93.254
-91.992
-90.907
-90.002
-89.275
-88.724
-88.347
-88.139
-88.095
-88.21
-88.476
-88.887
-89.434
-90.109
-90.904
-91.807
-92.81
-93.901
-95.07
-96.307
-97.6
-98.938
-100.309
-101.704
-103.109
-104.516
-105.913
-107.289
-108.633
-109.936
-111.187
-112.376
-113.492
-114.527
-115.47
-116.313
-117.047
-117.664
-118.156
-118.515
-118.734
-118.807
-118.728
-118.492
-118.092
-117.526
-116.789
-115.878
-114.794
-113.533
-112.097
-110.487
-108.704
-106.752
-104.637
-102.362
-99.935
-97.363
-94.654
-91.819
-88.869
-85.816
-82.674
-79.459
-76.192
-72.892
-69.581
-66.279
-63.01
-59.796
-56.661
-53.625
-50.708
-47.927
-45.301
-42.853
-40.602
-38.564
-36.756
-35.186
-33.869
-32.813
-32.027
-31.51
-31.256
-31.262
-31.527
-32.059
-32.869
-33.964
-35.34
-36.988
-38.902
-41.074
-43.496
-46.148
-48.991
-51.984
-55.093
-58.293
-61.563
-64.879
-68.191
-71.421
-74.512
-77.437
-80.206
-82.873
-85.472
-88.024
-90.587
-93.264
-96.139
-99.241
-102.488
-105.664
-108.582
-111.11
-113.123
-114.52
-115.234
-115.22
-114.578
-113.589
-112.475
-111.409
-110.541
-109.877
-109.609
-110.241
-112.076
-115.278
-119.572
-123.714
-126.751
-128.564
-129.589
-131.421
-135.406
-140.881
-146.31
-149.33
-146.561
-135.787
-114.89
-81.142
-33.407
28.966
106.274
197.876
303.856
423.496
551.97
678.298
784.845
851.125
861.189
809.881
704.589
561.54
398.596
229.693
63.823
-92.043
-228.941
-335.913
-403.687
-429.024
-418.038
-383.491
-338.529
-292.792
-249.866
-208.972
-170.234
-135.578
-107.768
-89.704
-80.648
-76.636
-74.178
-70.624
-66.375
-64.536
-67.297
-75.232
-86.035
-95.574
-100.289
-98.41
-91.804
-84.043
-78.48
-77.459
-80.028
-83.67
-86.403
-86.59
-84.375
-81.052
-77.259
-73.58
-70.227
-66.835
-63.418
-60.088
-56.874
-53.928
-51.269
-48.752
-46.176
-43.375
-40.227
-36.682
-32.782
-28.585
-24.139
-19.514
-14.796
-10.034
-5.257
-0.475
4.348
9.252
14.257
19.391
24.673
30.112
35.72
41.51
47.492
53.676
60.078
66.704
73.566
80.671
88.018
95.607
103.431
111.476
119.734
128.195
136.847
145.678
154.673
163.815
173.081
182.452
191.898
201.391
210.897
220.381
229.808
239.141
248.342
257.374
266.198
274.773
283.061
291.023
298.618
305.807
312.553
318.819
324.568
329.767
334.385
338.392
341.76
344.466
346.488
347.809
348.413
348.288
347.428
345.826
343.482
340.399
336.583
332.044
326.796
320.857
314.248
306.993
299.121
290.662
281.65
272.12
262.113
251.667
240.827
229.635
218.138
206.381
194.412
182.28
170.031
157.714
145.376
133.064
120.824
108.698
96.731
84.963
73.433
62.178
51.233
40.628
30.394
20.557
11.14
2.165
-6.351
-14.394
-21.952
-29.016
-35.58
-41.643
-47.203
-52.265
-56.834
-60.917
-64.525
-67.671
-70.37
-72.638
-74.494
-75.958
-77.051
-77.795
-78.214
-78.331
-78.172
-77.761
-77.122
-76.282
-75.265
-74.094
-72.795
-71.39
-69.901
-68.349
-66.756
-65.14
-63.519
-61.91
-60.329
-58.788
-57.302
-55.881
-54.536
-53.273
-52.102
-51.028
-50.054
-49.185
-48.423
-47.769
-47.223
-46.784
-46.451
-46.223
-46.095
-46.064
-46.128
-46.28
-46.518
-46.835
-47.227
-47.689
-48.215
-48.801
-49.442
-50.133
-50.87
-51.648
-52.464
-53.314
-54.195
-55.104
-56.038
-56.996
-57.975
-58.975
-59.993
-61.028
-62.081
-63.151
-64.236
-65.338
-66.454
-67.585
-68.729
-69.885
-71.053
-72.23
-73.414
-74.605
-75.798
-76.993
-78.186
-79.372
-80.549
-81.713
-82.858
-83.979
-85.07
-86.125
-87.137
-88.1
-89.006
-89.849
-90.621
-91.314
-91.92
-92.432
-92.842
-93.143
-93.326
-93.384
-93.31
-93.098
-92.743
-92.239
-91.583
-90.772
-89.804
-88.678
-87.396
-85.958
-84.367
-82.627
-80.742
-78.719
-76.566
-74.293
-71.91
-69.431
-66.874
-64.256
-61.596
-58.913
-56.228
-53.564
-50.942
-48.381
-45.902
-43.521
-41.258
-39.135
-37.175
-35.394
-33.808
-32.433
-31.281
-30.364
-29.692
-29.266
-29.082
-29.138
-29.433
-29.973
-30.773
-31.839
-33.166
-34.75
-36.588
-38.673
-40.998
-43.546
-46.279
-49.16
-52.156
-55.24
-58.402
-61.614
-64.83
-67.989
-71.03
-73.927
-76.692
-79.362
-81.957
-84.496
-87.022
-89.628
-92.41
-95.402
-98.545
-101.669
-104.604
-107.256
-109.524
-111.29
-112.495
-113.077
-113.08
-112.775
-112.383
-111.995
-111.732
-111.62
-111.767
-112.652
-114.644
-117.901
-122.185
-126.567
-130.077
-132.146
-133.183
-134.485
-137.497
-143.036
-150.046
-156.269
-158.592
-153.431
-138.424
-111.575
-71.379
-17.193
52.371
139.098
244.617
369.158
508.13
649.52
773.949
858.707
884.706
843.769
741.856
595.328
424.267
245.763
70.619
-93.485
-238.035
-352.78
-427.752
-458.482
-449.828
-414.21
-366.146
-316.936
-271.828
-230.691
-192.422
-157.802
-128.305
-106.108
-91.988
-83.353
-78.049
-74.648
-72.374
-73.041
-77.977
-86.719
-97.74
-107.778
-113.108
-111.841
-104.605
-94.246
-85.251
-81.19
-83.156
-89.423
-96.011
-99.463
-97.662
-91.027
-82.471
-74.376
-68.53
-65.315
-63.254
-61.381
-59.249
-56.72
-54.301
-52.139
-49.928
-47.441
-44.515
-41.103
-37.323
-33.294
-29.056
-24.666
-20.229
-15.803
-11.403
-7.031
-2.639
1.828
6.388
11.061
15.869
20.819
25.923
31.199
36.654
42.304
48.164
54.243
60.554
67.106
73.901
80.939
88.214
95.715
103.433
111.361
119.488
127.803
136.293
144.938
153.718
162.612
171.594
180.632
189.694
198.747
207.753
216.677
225.482
234.13
242.581
250.796
258.737
266.362
273.634
280.513
286.96
292.938
298.412
303.348
307.715
311.482
314.621
317.11
318.925
320.05
320.467
320.166
319.137
317.375
314.879
311.652
307.699
303.029
297.655
291.595
284.868
277.499
269.515
260.945
251.823
242.183
232.063
221.503
210.545
199.231
187.607
175.718
163.611
151.333
138.931
126.453
113.946
101.455
89.027
76.706
64.533
52.551
40.799
29.313
18.128
7.278
-3.208
-13.304
-22.983
-32.225
-41.011
-49.325
-57.153
-64.487
-71.319
-77.645
-83.464
-88.777
-93.587
-97.902
-101.731
-105.084
-107.976
-110.421
-112.436
-114.041
-115.256
-116.102
-116.601
-116.778
-116.655
-116.258
-115.612
-114.74
-113.669
-112.423
-111.025
-109.5
-107.871
-106.159
-104.387
-102.573
-100.739
-98.9
-97.075
-95.279
-93.525
-91.827
-90.196
-88.642
-87.174
-85.798
-84.522
-83.349
-82.283
-81.326
-80.48
-79.743
-79.116
-78.596
-78.181
-77.867
-77.65
-77.525
-77.486
-77.529
-77.647
-77.834
-78.084
-78.39
-78.746
-79.145
-79.583
-80.051
-80.545
-81.059
-81.587
-82.126
-82.669
-83.214
-83.757
-84.293
-84.821
-85.339
-85.843
-86.332
-86.806
-87.263
-87.704
-88.126
-88.532
-88.921
-89.293
-89.651
-89.993
-90.322
-90.637
-90.94
-91.232
-91.512
-91.78
-92.038
-92.284
-92.517
-92.738
-92.945
-93.137
-93.311
-93.466
-93.599
-93.707
-93.786
-93.834
-93.844
-93.813
-93.736
-93.608
-93.424
-93.18
-92.868
-92.485
-92.023
-91.479
-90.846
-90.119
-89.292
-88.361
-87.322
-86.17
-84.904
-83.519
-82.014
-80.389
-78.642
-76.776
-74.792
-72.692
-70.481
-68.163
-65.744
-63.233
-60.638
-57.968
-55.237
-52.458
-49.649
-46.825
-44.005
-41.207
-38.451
-35.757
-33.144
-30.63
-28.231
-25.964
-23.849
-21.905
-20.151
-18.6
-17.266
-16.16
-15.292
-14.673
-14.305
-14.183
-14.305
-14.668
-15.275
-16.139
-17.263
-18.643
-20.275
-22.151
-24.26
-26.593
-29.129
-31.838
-34.691
-37.66
-40.723
-43.871
-47.078
-50.314
-53.538
-56.673
-59.682
-62.556
-65.298
-67.955
-70.585
-73.225
-75.962
-78.928
-82.183
-85.74
-89.523
-93.314
-96.936
-100.246
-103.09
-105.348
-106.924
-107.743
-107.892
-107.626
-107.133
-106.592
-106.143
-105.774
-105.734
-106.582
-108.665
-112.204
-116.884
-121.349
-124.564
-126.406
-127.459
-129.624
-134.493
-141.45
-148.68
-153.285
-151.551
-141.319
-121.223
-89.656
-45.933
10.893
82.706
171.096
277.042
399.59
531.884
659.796
764.076
823.762
824.052
762.216
646.862
494.736
323.647
147.03
-25.325
-184.791
-321.055
-422.402
-480.45
-494.577
-473.327
-431.19
-382.028
-334.505
-291.116
-250.463
-211.918
-177.211
-149.278
-130.849
-121.564
-118.25
-117.27
-115.512
-112.363
-109.316
-108.176
-110.476
-115.74
-121.817
-126.328
-126.854
-123.291
-117.855
-112.632
-110.162
-111.105
-113.085
-114.446
-113.289
-108.404
-101.679
-94.472
-87.856
-83.13
-79.524
-76.312
-73.382
-70.357
-67.498
-65.081
-62.88
-60.627
-58.121
-55.244
-52.02
-48.556
-44.92
-41.136
-37.268
-33.416
-29.625
-25.912
-22.27
-18.64
-14.976
-11.259
-7.462
-3.56
0.46
4.622
8.948
13.452
18.153
23.074
28.23
33.641
39.322
45.283
51.53
58.066
64.887
71.994
79.385
87.058
95.008
103.227
111.703
120.421
129.364
138.511
147.836
157.311
166.904
176.584
186.317
196.068
205.801
215.477
225.058
234.504
243.775
252.83
261.629
270.132
278.298
286.089
293.468
300.399
306.847
312.779
318.167
322.981
327.199
330.797
333.756
336.062
337.701
338.665
338.948
338.549
337.468
335.711
333.287
330.208
326.491
322.155
317.221
311.715
305.666
299.102
292.058
284.567
276.667
268.395
259.791
250.896
241.75
232.397
222.879
213.237
203.513
193.75
183.986
174.262
164.616
155.084
145.7
136.498
127.508
118.759
110.276
102.084
94.204
86.653
79.448
72.602
66.125
60.025
54.306
48.972
44.021
39.452
35.26
31.437
27.975
24.862
22.087
19.634
17.488
15.631
14.047
12.714
11.615
10.727
10.032
9.507
9.132
8.886
8.749
8.701
8.722
8.794
8.899
9.019
9.141
9.247
9.326
9.364
9.352
9.279
9.136
8.918
8.619
8.234
7.76
7.195
6.539
5.793
4.956
4.033
3.025
1.938
0.775
-0.457
-1.752
-3.105
-4.509
-5.956
-7.44
-8.953
-10.489
-12.039
-13.598
-15.159
-16.715
-18.26
-19.789
-21.297
-22.78
-24.234
-25.655
-27.041
-28.391
-29.703
-30.978
-32.215
-33.416
-34.582
-35.715
-36.817
-37.894
-38.947
-39.981
-41
-42.01
-43.015
-44.021
-45.032
-46.055
-47.093
-48.153
-49.238
-50.354
-51.503
-52.691
-53.92
-55.193
-56.513
-57.881
-59.298
-60.766
-62.282
-63.847
-65.458
-67.113
-68.806
-70.535
-72.292
-74.072
-75.869
-77.675
-79.482
-81.282
-83.064
-84.82
-86.54
-88.213
-89.828
-91.375
-92.843
-94.222
-95.502
-96.674
-97.727
-98.654
-99.446
-100.097
-100.6
-100.95
-101.142
-101.174
-101.042
-100.748
-100.292
-99.676
-98.905
-97.985
-96.928
-95.744
-94.448
-93.052
-91.574
-90.03
-88.44
-86.82
-85.188
-83.558
-81.949
-80.38
-78.873
-77.448
-76.121
-74.91
-73.826
-72.886
-72.103
-71.483
-71.027
-70.735
-70.612
-70.667
-70.922
-71.386
-72.065
-72.958
-74.063
-75.373
-76.885
-78.58
-80.428
-82.402
-84.472
-86.619
-88.839
-91.108
-93.397
-95.662
-97.821
-99.834
-101.695
-103.415
-105.045
-106.653
-108.282
-110.027
-112.04
-114.393
-117.106
-120.102
-123.149
-126.053
-128.671
-130.859
-132.499
-133.496
-133.768
-133.379
-132.585
-131.592
-130.564
-129.611
-128.698
-128.078
-128.338
-129.852
-132.875
-137.038
-140.927
-143.648
-144.973
-145.279
-146.471
-149.702
-154.4
-159.406
-161.708
-157.581
-144.387
-119.059
-79.373
-25.013
44.314
128.319
226.655
339.8
465.636
596.561
718.42
811.518
856.646
842.809
770.969
652.778
505.524
344.505
179.794
18.851
-130.757
-258.45
-352.051
-404.099
-415.306
-394.997
-357.427
-314.701
-273.416
-234.914
-197.769
-162.368
-131.455
-107.983
-94.128
-88.477
-87.067
-86.866
-85.636
-83.751
-83.416
-85.682
-91
-98.059
-104.618
-109.155
-110.585
-109.739
-107.965
-106.36
-106.035
-106.364
-106.529
-106.035
-104.284
-101.802
-99.104
-96.425
-94.105
-91.962
-89.901
-87.999
-86.137
-84.321
-82.509
-80.485
-78.166
-75.5
-72.386
-68.826
-64.861
-60.53
-55.952
-51.252
-46.484
-41.679
-36.854
-31.991
-27.085
-22.125
-17.072
-11.895
-6.577
-1.104
4.52
10.299
16.243
22.369
28.692
35.227
41.982
48.963
56.175
63.617
71.287
79.18
87.284
95.59
104.089
112.77
121.621
130.629
139.774
149.037
158.395
167.822
177.289
186.765
196.218
205.614
214.919
224.095
233.108
241.919
250.489
258.782
266.758
274.379
281.607
288.405
294.737
300.567
305.863
310.593
314.727
318.238
321.102
323.297
324.804
325.607
325.694
325.056
323.687
321.584
318.75
315.189
310.909
305.923
300.248
293.902
286.908
279.293
271.087
262.32
253.027
243.247
233.017
222.38
211.377
200.055
188.458
176.632
164.626
152.487
140.262
127.998
115.743
103.542
91.44
79.48
67.704
56.151
44.861
33.868
23.205
12.904
2.992
-6.505
-15.564
-24.167
-32.296
-39.938
-47.082
-53.721
-59.849
-65.465
-70.569
-75.165
-79.259
-82.859
-85.976
-88.623
-90.814
-92.567
-93.899
-94.831
-95.383
-95.577
-95.437
-94.986
-94.249
-93.249
-92.012
-90.561
-88.922
-87.118
-85.172
-83.108
-80.946
-78.709
-76.417
-74.087
-71.739
-69.389
-67.053
-64.744
-62.475
-60.259
-58.106
-56.024
-54.022
-52.107
-50.282
-48.554
-46.925
-45.398
-43.973
-42.652
-41.433
-40.316
-39.298
-38.377
-37.55
-36.814
-36.166
-35.599
-35.112
-34.699
-34.355
-34.077
-33.86
-33.699
-33.59
-33.53
-33.513
-33.538
-33.599
-33.695
-33.821
-33.976
-34.158
-34.363
-34.59
-34.838
-35.104
-35.389
-35.69
-36.007
-36.339
-36.686
-37.046
-37.421
-37.809
-38.21
-38.625
-39.052
-39.492
-39.944
-40.409
-40.886
-41.375
-41.875
-42.387
-42.908
-43.439
-43.979
-44.528
-45.083
-45.644
-46.21
-46.78
-47.353
-47.926
-48.5
-49.072
-49.64
-50.205
-50.764
-51.316
-51.859
-52.393
-52.916
-53.426
-53.924
-54.407
-54.874
-55.326
-55.76
-56.176
-56.573
-56.951
-57.309
-57.646
-57.963
-58.257
-58.531
-58.782
-59.01
-59.217
-59.401
-59.563
-59.702
-59.819
-59.913
-59.985
-60.036
-60.064
-60.071
-60.056
-60.021
-59.965
-59.888
-59.791
-59.675
-59.54
-59.387
-59.216
-59.028
-58.824
-58.605
-58.373
-58.127
-57.871
-57.604
-57.329
-57.047
-56.76
-56.47
-56.179
-55.889
-55.602
-55.321
-55.048
-54.785
-54.536
-54.304
-54.09
-53.897
-53.729
-53.587
-53.476
-53.396
-53.352
-53.345
-53.377
-53.451
-53.568
-53.729
-53.936
-54.188
-54.487
-54.832
-55.221
-55.654
-56.128
-56.643
-57.195
-57.782
-58.399
-59.043
-59.708
-60.389
-61.082
-61.778
-62.471
-63.154
-63.819
-64.459
-65.066
-65.63
-66.144
-66.6
-66.987
-67.299
-67.526
-67.659
-67.69
-67.612
-67.417
-67.098
-66.651
-66.068
-65.346
-64.482
-63.473
-62.319
-61.018
-59.572
-57.981
-56.25
-54.383
-52.386
-50.267
-48.034
-45.699
-43.278
-40.785
-38.239
-35.657
-33.059
-30.464
-27.894
-25.368
-22.903
-20.518
-18.231
-16.062
-14.032
-12.161
-10.465
-8.959
-7.655
-6.566
-5.704
-5.071
-4.663
-4.48
-4.52
-4.789
-5.304
-6.071
-7.09
-8.359
-9.87
-11.613
-13.582
-15.754
-18.093
-20.569
-23.148
-25.806
-28.533
-31.301
-34.08
-36.822
-39.447
-41.911
-44.208
-46.347
-48.378
-50.366
-52.348
-54.413
-56.717
-59.335
-62.287
-65.502
-68.758
-71.869
-74.709
-77.148
-79.058
-80.324
-80.877
-80.797
-80.307
-79.587
-78.79
-77.951
-77.223
-77.084
-77.938
-80.144
-83.518
-87.087
-89.964
-91.641
-92.579
-94.199
-97.896
-104.255
-112.13
-119.248
-122.61
-118.819
-105.446
-80.196
-41.171
12.464
81.892
168.231
272.338
394.295
530.347
670.37
797.368
889.946
928.561
903.004
816.145
682.201
520.606
348.26
176.136
11.352
-139.131
-265.2
-355.506
-403.521
-410.676
-387.329
-348.427
-305.468
-264.463
-226.004
-187.625
-149.887
-116.091
-89.66
-73.645
-67.099
-65.662
-65.895
-65.295
-63.713
-63.864
-67.354
-73.969
-82.181
-88.285
-89.308
-84.993
-76.676
-68.024
-62.666
-61.825
-65.111
-69.624
-72.406
-72.027
-68.108
-62.534
-57.014
-52.445
-49.431
-47.074
-44.776
-42.479
-39.931
-37.452
-35.197
-32.905
-30.504
-27.896
-24.951
-21.719
-18.271
-14.645
-10.942
-7.272
-3.685
-0.205
3.158
6.431
9.643
12.821
16
19.215
22.485
25.827
29.254
32.781
36.429
40.221
44.18
48.326
52.678
57.249
62.051
67.09
72.371
77.892
83.654
89.658
95.902
102.384
109.099
116.039
123.192
130.545
138.081
145.775
153.606
161.544
169.564
177.634
185.722
193.796
201.821
209.76
217.577
225.233
232.69
239.908
246.848
253.471
259.738
265.614
271.06
276.041
280.525
284.481
287.878
290.691
292.895
294.469
295.394
295.656
295.242
294.143
292.355
289.875
286.705
282.851
278.323
273.132
267.295
260.831
253.764
246.118
237.923
229.209
220.011
210.364
200.307
189.879
179.123
168.082
156.799
145.32
133.69
121.955
110.159
98.349
86.568
74.86
63.267
51.831
40.59
29.584
18.847
8.413
-1.687
-11.422
-20.768
-29.7
-38.198
-46.242
-53.819
-60.914
-67.518
-73.626
-79.231
-84.334
-88.936
-93.04
-96.654
-99.786
-102.448
-104.654
-106.417
-107.757
-108.691
-109.24
-109.425
-109.27
-108.796
-108.029
-106.993
-105.713
-104.214
-102.522
-100.662
-98.658
-96.534
-94.315
-92.024
-89.682
-87.311
-84.931
-82.562
-80.221
-77.925
-75.69
-73.53
-71.458
-69.484
-67.62
-65.873
-64.251
-62.76
-61.404
-60.187
-59.111
-58.178
-57.385
-56.734
-56.222
-55.845
-55.601
-55.484
-55.49
-55.612
-55.846
-56.184
-56.619
-57.145
-57.753
-58.436
-59.187
-59.997
-60.86
-61.766
-62.71
-63.683
-64.679
-65.69
-66.711
-67.734
-68.754
-69.765
-70.762
-71.741
-72.697
-73.626
-74.524
-75.388
-76.216
-77.006
-77.754
-78.461
-79.123
-79.742
-80.316
-80.845
-81.33
-81.77
-82.168
-82.524
-82.841
-83.118
-83.36
-83.568
-83.745
-83.893
-84.016
-84.117
-84.198
-84.264
-84.318
-84.364
-84.405
-84.445
-84.489
-84.538
-84.599
-84.673
-84.765
-84.878
-85.015
-85.179
-85.374
-85.601
-85.865
-86.167
-86.508
-86.89
-87.314
-87.78
-88.289
-88.841
-89.433
-90.066
-90.736
-91.442
-92.18
-92.948
-93.741
-94.555
-95.384
-96.223
-97.066
-97.906
-98.735
-99.546
-100.331
-101.083
-101.794
-102.454
-103.055
-103.589
-104.047
-104.421
-104.702
-104.881
-104.95
-104.901
-104.727
-104.423
-103.982
-103.399
-102.669
-101.789
-100.756
-99.57
-98.23
-96.736
-95.089
-93.293
-91.354
-89.278
-87.072
-84.744
-82.306
-79.772
-77.157
-74.477
-71.75
-68.992
-66.225
-63.468
-60.742
-58.065
-55.457
-52.934
-50.517
-48.227
-46.082
-44.102
-42.302
-40.696
-39.3
-38.125
-37.179
-36.462
-35.975
-35.718
-35.696
-35.919
-36.394
-37.117
-38.089
-39.304
-40.754
-42.426
-44.294
-46.319
-48.471
-50.725
-53.065
-55.483
-57.954
-60.446
-62.922
-65.339
-67.661
-69.848
-71.865
-73.699
-75.387
-77.033
-78.76
-80.693
-82.942
-85.619
-88.77
-92.378
-96.348
-100.411
-104.31
-107.858
-110.81
-112.942
-114.152
-114.373
-113.629
-112.203
-110.328
-108.118
-106.004
-104.572
-104.274
-105.623
-108.479
-111.754
-114.553
-116.302
-117.251
-118.688
-121.737
-126.629
-132.153
-136.239
-136.137
-128.894
-112.593
-85.193
-44.926
9.127
79.147
167.571
275.553
402.413
540.947
675.772
786.498
851.007
853.915
792.762
676.637
523.309
351.623
175.565
5.411
-150.565
-283.091
-381.366
-437.872
-452.1
-431.819
-390.721
-342.188
-294.934
-251.969
-212.254
-175.05
-141.533
-113.782
-94.056
-81.971
-74.779
-70.264
-66.389
-63.062
-61.841
-63.106
-67.144
-73.109
-78.704
-82.1
-81.342
-75.691
-67.097
-58.707
-53.892
-55.136
-61.244
-68.198
-72.414
-70.573
-62.401
-51.64
-41.145
-33.528
-30.13
-28.603
-27.297
-25.326
-21.847
-17.993
-14.557
-11.435
-8.675
-5.838
-2.59
0.963
4.753
8.726
12.818
16.998
21.208
25.4
29.562
33.73
37.967
42.304
46.753
51.332
56.05
60.931
66
71.271
76.756
82.468
88.417
94.616
101.078
107.807
114.805
122.066
129.582
137.346
145.35
153.584
162.038
170.698
179.545
188.559
197.716
206.989
216.347
225.755
235.177
244.573
253.906
263.133
272.215
281.107
289.768
298.152
306.218
313.921
321.218
328.066
334.424
340.251
345.51
350.164
354.18
357.526
360.174
362.099
363.28
363.697
363.337
362.187
360.241
357.496
353.952
349.614
344.492
338.597
331.948
324.565
316.474
307.703
298.283
288.249
277.641
266.498
254.864
242.785
230.307
217.479
204.353
190.979
177.41
163.699
149.898
136.059
122.235
108.475
94.831
81.349
68.077
55.059
42.336
29.949
17.936
6.329
-4.838
-15.537
-25.744
-35.435
-44.591
-53.198
-61.243
-68.715
-75.61
-81.925
-87.66
-92.818
-97.405
-101.431
-104.906
-107.845
-110.265
-112.183
-113.62
-114.597
-115.139
-115.269
-115.014
-114.4
-113.455
-112.205
-110.679
-108.905
-106.91
-104.723
-102.369
-99.876
-97.269
-94.573
-91.812
-89.007
-86.182
-83.356
-80.549
-77.777
-75.058
-72.405
-69.834
-67.354
-64.979
-62.716
-60.573
-58.558
-56.675
-54.93
-53.324
-51.86
-50.54
-49.363
-48.329
-47.435
-46.681
-46.063
-45.577
-45.22
-44.988
-44.875
-44.878
-44.992
-45.211
-45.53
-45.944
-46.448
-47.036
-47.702
-48.443
-49.252
-50.124
-51.055
-52.039
-53.073
-54.15
-55.267
-56.418
-57.599
-58.805
-60.03
-61.27
-62.519
-63.773
-65.025
-66.271
-67.505
-68.721
-69.915
-71.079
-72.208
-73.297
-74.337
-75.324
-76.249
-77.105
-77.886
-78.586
-79.198
-79.714
-80.128
-80.434
-80.626
-80.698
-80.644
-80.458
-80.135
-79.67
-79.06
-78.302
-77.393
-76.331
-75.115
-73.746
-72.225
-70.556
-68.742
-66.785
-64.693
-62.471
-60.127
-57.671
-55.112
-52.463
-49.737
-46.952
-44.126
-41.278
-38.425
-35.59
-32.791
-30.051
-27.389
-24.821
-22.364
-20.035
-17.855
-15.843
-14.014
-12.383
-10.96
-9.758
-8.787
-8.057
-7.568
-7.315
-7.295
-7.508
-7.96
-8.662
-9.618
-10.823
-12.272
-13.961
-15.883
-18.033
-20.391
-22.921
-25.587
-28.358
-31.21
-34.127
-37.083
-40.03
-42.904
-45.657
-48.274
-50.767
-53.173
-55.511
-57.8
-60.092
-62.479
-65.041
-67.799
-70.682
-73.525
-76.195
-78.601
-80.649
-82.241
-83.298
-83.769
-83.736
-83.444
-83.062
-82.708
-82.485
-82.381
-82.573
-83.541
-85.579
-88.814
-92.954
-96.727
-99.099
-99.968
-99.988
-101.207
-105.47
-112.395
-120.169
-125.696
-125.157
-116.43
-98.363
-69.843
-30.627
20.087
83.941
162.767
258.943
373.245
501.585
632.656
747.617
824.578
845.676
803.768
705.298
565.935
403.896
234.294
66.592
-91.642
-230.953
-340.281
-409.534
-434.872
-422.368
-385.118
-337.456
-290.253
-247.656
-208.71
-172.447
-139.32
-111.151
-90.787
-78.224
-70.885
-66.441
-62.083
-57.616
-55.405
-56.863
-63.695
-75.009
-86.9
-95.923
-98.557
-94.291
-86.317
-78.269
-73.738
-73.894
-76.78
-79.759
-80.534
-78.195
-73.66
-68.473
-63.824
-60.271
-57.663
-55.534
-53.644
-51.956
-50.487
-49.205
-47.905
-46.349
-44.404
-42.039
-39.29
-36.225
-32.912
-29.42
-25.837
-22.23
-18.62
-15.002
-11.347
-7.615
-3.772
0.212
4.368
8.711
13.255
18.012
22.997
28.226
33.721
39.5
45.577
51.964
58.669
65.697
73.047
80.714
88.687
96.958
105.517
114.353
123.452
132.795
142.361
152.125
162.06
172.135
182.313
192.556
202.825
213.077
223.27
233.36
243.301
253.046
262.549
271.763
280.64
289.133
297.195
304.781
311.847
318.348
324.245
329.498
334.073
337.934
341.052
343.401
344.958
345.702
345.619
344.696
342.927
340.308
336.84
332.529
327.384
321.42
314.654
307.109
298.812
289.793
280.086
269.727
258.758
247.22
235.161
222.627
209.669
196.338
182.688
168.772
154.646
140.364
125.982
111.555
97.137
82.782
68.542
54.466
40.604
27.002
13.705
0.754
-11.813
-23.958
-35.649
-46.857
-57.553
-67.716
-77.324
-86.362
-94.817
-102.678
-109.939
-116.596
-122.651
-128.106
-132.967
-137.242
-140.945
-144.088
-146.688
-148.764
-150.337
-151.429
-152.065
-152.269
-152.068
-151.489
-150.562
-149.314
-147.775
-145.973
-143.938
-141.7
-139.286
-136.724
-134.042
-131.265
-128.421
-125.532
-122.622
-119.715
-116.829
-113.985
-111.202
-108.495
-105.88
-103.372
-100.982
-98.721
-96.599
-94.624
-92.803
-91.141
-89.643
-88.31
-87.145
-86.149
-85.319
-84.656
-84.154
-83.812
-83.623
-83.582
-83.683
-83.919
-84.281
-84.761
-85.35
-86.039
-86.818
-87.677
-88.605
-89.591
-90.624
-91.692
-92.784
-93.887
-94.991
-96.081
-97.149
-98.181
-99.166
-100.093
-100.95
-101.727
-102.414
-102.999
-103.475
-103.83
-104.057
-104.148
-104.097
-103.897
-103.542
-103.029
-102.354
-101.515
-100.511
-99.342
-98.008
-96.512
-94.857
-93.048
-91.092
-88.996
-86.77
-84.425
-81.976
-79.439
-76.83
-74.167
-71.469
-68.757
-66.052
-63.374
-60.74
-58.169
-55.679
-53.292
-51.028
-48.907
-46.946
-45.16
-43.563
-42.168
-40.987
-40.028
-39.286
-38.765
-38.464
-38.391
-38.562
-38.987
-39.665
-40.595
-41.77
-43.181
-44.822
-46.673
-48.701
-50.875
-53.164
-55.546
-58.014
-60.541
-63.098
-65.638
-68.082
-70.388
-72.549
-74.569
-76.492
-78.373
-80.253
-82.224
-84.436
-86.963
-89.834
-92.988
-96.225
-99.385
-102.34
-104.943
-107.078
-108.636
-109.515
-109.757
-109.568
-109.092
-108.47
-107.804
-107.054
-106.477
-106.664
-108.037
-110.911
-115.01
-118.97
-121.728
-123.086
-123.546
-124.948
-128.841
-134.505
-140.133
-142.881
-138.822
-125.648
-101.654
-64.755
-14.562
49.306
127.922
221.759
331.518
456.124
588.475
714.478
814.73
868.913
864.028
799.396
685.347
539.004
376.813
209.976
46.348
-106.646
-238.923
-338.28
-396.087
-411.608
-393.221
-355.306
-311.21
-268.814
-229.964
-192.757
-156.517
-123.38
-96.529
-78.931
-70.121
-66.41
-64.416
-61.646
-58.437
-57.507
-60.819
-68.902
-79.543
-88.94
-93.697
-91.983
-85.627
-78.116
-72.686
-71.731
-74.317
-77.836
-80.423
-80.508
-78.177
-74.769
-70.954
-67.294
-64.102
-61.098
-58.216
-55.509
-52.982
-50.728
-48.767
-46.968
-45.088
-42.924
-40.384
-37.44
-34.149
-30.596
-26.817
-22.865
-18.83
-14.762
-10.682
-6.595
-2.458
1.779
6.137
10.639
15.306
20.149
25.182
30.425
35.888
41.587
47.538
53.75
60.237
67.008
74.064
81.406
89.027
96.915
105.063
113.459
122.093
130.953
140.021
149.277
158.7
168.263
177.938
187.692
197.489
207.29
217.057
226.749
236.325
245.743
254.96
263.931
272.613
280.963
288.936
296.49
303.582
310.172
316.219
321.688
326.543
330.751
334.284
337.114
339.218
340.577
341.175
340.998
340.039
338.293
335.759
332.441
328.346
323.485
317.875
311.535
304.489
296.764
288.391
279.403
269.839
259.737
249.141
238.094
226.644
214.838
202.726
190.358
177.787
165.062
152.237
139.363
126.49
113.668
100.946
88.37
75.986
63.837
51.964
40.405
29.195
18.367
7.952
-2.025
-11.539
-20.57
-29.101
-37.119
-44.612
-51.575
-58.002
-63.893
-69.251
-74.08
-78.388
-82.187
-85.488
-88.308
-90.665
-92.576
-94.065
-95.153
-95.865
-96.226
-96.261
-95.997
-95.462
-94.681
-93.683
-92.494
-91.141
-89.649
-88.044
-86.351
-84.592
-82.79
-80.966
-79.141
-77.331
-75.555
-73.828
-72.164
-70.575
-69.073
-67.666
-66.363
-65.17
-64.091
-63.131
-62.292
-61.575
-60.978
-60.502
-60.143
-59.899
-59.765
-59.736
-59.807
-59.972
-60.223
-60.555
-60.96
-61.43
-61.959
-62.537
-63.159
-63.815
-64.499
-65.203
-65.921
-66.646
-67.371
-68.091
-68.8
-69.492
-70.165
-70.812
-71.431
-72.019
-72.572
-73.09
-73.569
-74.009
-74.41
-74.77
-75.09
-75.371
-75.614
-75.819
-75.988
-76.123
-76.226
-76.298
-76.344
-76.364
-76.363
-76.344
-76.308
-76.261
-76.204
-76.142
-76.078
-76.015
-75.956
-75.906
-75.867
-75.843
-75.837
-75.852
-75.89
-75.953
-76.043
-76.161
-76.309
-76.489
-76.7
-76.942
-77.215
-77.52
-77.853
-78.213
-78.596
-78.995
-79.407
-79.827
-80.251
-80.672
-81.084
-81.478
-81.845
-82.178
-82.468
-82.707
-82.886
-82.992
-83.017
-82.955
-82.802
-82.551
-82.196
-81.729
-81.137
-80.421
-79.581
-78.616
-77.539
-76.36
-75.076
-73.689
-72.196
-70.572
-68.805
-66.888
-64.755
-62.328
-59.617
-56.689
-53.61
-50.509
-47.29
-43.556
-39.378
-35.071
-31.125
-28.625
-27.568
-26.633
-24.348
-18.619
-8.477
4.266
16.979
26.729
31.018
30.411
27.05
22.698
19.105
16.44
13.665
10.689
7.803
5.405
4.264
4.685
6.463
9.419
13.294
